{
  "identity" : {
    "fullName" : [ {
      "language" : "eng",
      "value" : "sathish cbcaa"
    }, {
      "language" : "ara",
      "value" : "سشفاهسا ؤلاؤشش"
    } ],
    "dateOfBirth" : "1983/01/01",
    "age" : 36,
    "gender" : [ {
      "language" : "eng",
      "value" : "Male"
    }, {
      "language" : "ara",
      "value" : "الذكر"
    } ],
    "residenceStatus" : [ {
      "language" : "eng",
      "value" : "Non-Foreigner"
    }, {
      "language" : "ara",
      "value" : "غير أجنبي"
    } ],
    "addressLine1" : [ {
      "language" : "eng",
      "value" : "no 30"
    }, {
      "language" : "ara",
      "value" : "ىخ ٣٠"
    } ],
    "region" : [ {
      "language" : "eng",
      "value" : "Rabat Sale Kenitra"
    }, {
      "language" : "ara",
      "value" : "جهة الرباط سلا القنيطرة"
    } ],
    "province" : [ {
      "language" : "eng",
      "value" : "Kenitra"
    }, {
      "language" : "ara",
      "value" : "القنيطرة"
    } ],
    "city" : [ {
      "language" : "eng",
      "value" : "Kenitra"
    }, {
      "language" : "ara",
      "value" : "القنيطرة"
    } ],
    "postalCode" : "14022",
    "phone" : "9500051151",
    "email" : "sathish.chandrasekaran@mindtree.com",
    "localAdministrativeAuthority" : [ {
      "language" : "eng",
      "value" : "Ben Mansour"
    }, {
      "language" : "ara",
      "value" : "بن منصور"
    } ],
    "proofOfAddress" : {
      "value" : "POA_Rental contract",
      "type" : "Rental contract",
      "format" : "jpg"
    },
    "proofOfIdentity" : {
      "value" : "POI_CNIE card",
      "type" : "CNIE card",
      "format" : "jpg"
    },
    "proofOfRelationship" : {
      "value" : "POR_Passport",
      "type" : "Passport",
      "format" : "jpg"
    },
    "individualBiometrics" : {
      "format" : "cbeff",
      "version" : 1.0,
      "value" : "applicant_bio_CBEFF"
    },
    "IDSchemaVersion" : 1.0,
    "CNIENumber" : "0123456789"
  }
}