{"identity":{"applicantPhotograph":{"BIRIndex":"9915708d-c46b-4908-a831-063dd58a6f55","numRetry":0},"documents":[],"hashSequence2":[{"label":"otherFiles","value":["audit"]}],"hashSequence1":[{"label":"applicantBiometricSequence","value":["applicant_bio_CBEFF"]},{"label":"introducerBiometricSequence","value":[]},{"label":"applicantDemographicSequence","value":["ID","POR_Certificate of Relationship","POA_Certificate of residence","POI_Passport"]}],"exceptionBiometrics":[],"metaData":[{"label":"geoLocLatitude","value":"0.0"},{"label":"geoLoclongitude","value":"0.0"},{"label":"registrationType","value":"New"},{"label":"preRegistrationId","value":null},{"label":"registrationId","value":"10006100367729720190624054341"},{"label":"machineId","value":"10036"},{"label":"dongleId","value":"FB5962911669"},{"label":"macId","value":"8C-16-45-BC-96-BF"},{"label":"centerId","value":"10006"},{"label":"previousRID","value":null},{"label":"introducerType","value":null},{"label":"consentOfApplicant","value":"Yes"},{"label":"creationDate","value":"2019-06-24T11:16:37.134Z"},{"label":"authenticationBiometricFileName","value":null}],"printingName":null,"exceptionPhotograph":null,"osiData":[{"label":"officerId","value":"110039"},{"label":"officerBiometricFileName","value":null},{"label":"supervisorId","value":null},{"label":"supervisorBiometricFileName","value":null},{"label":"supervisorPassword","value":"false"},{"label":"officerPassword","value":"true"},{"label":"supervisorPIN","value":null},{"label":"officerPIN","value":null},{"label":"supervisorOTPAuthentication","value":"false"},{"label":"officerOTPAuthentication","value":"false"}],"capturedRegisteredDevices":[{"label":"Finger Print Scanner","value":"3000026"},{"label":"Iris Scanner","value":"3000046"},{"label":"Camera","value":"3000066"},{"label":"Document Scanner","value":"3000086"},{"label":"Printer","value":"3000106"},{"label":"Finger Print Scanner","value":"3000125"},{"label":"Iris Scanner","value":"3000134"},{"label":"Camera","value":"3000143"},{"label":"Document Scanner","value":"3000152"},{"label":"Printer","value":"3000161"},{"label":"Finger Print Scanner","value":"3000181"},{"label":"Iris Scanner","value":"3000182"},{"label":"Camera","value":"3000183"},{"label":"Document Scanner","value":"3000184"},{"label":"Printer","value":"3000185"},{"label":"Finger Print Scanner","value":"3000186"},{"label":"Iris Scanner","value":"3000187"},{"label":"Camera","value":"3000188"},{"label":"Document Scanner","value":"3000189"},{"label":"Printer","value":"3000190"},{"label":"Finger Print Scanner","value":"3000191"},{"label":"Iris Scanner","value":"3000192"},{"label":"Camera","value":"3000193"},{"label":"Document Scanner","value":"3000194"},{"label":"Printer","value":"3000195"},{"label":"Finger Print Scanner","value":"3000196"},{"label":"Iris Scanner","value":"3000197"},{"label":"Camera","value":"3000198"},{"label":"Document Scanner","value":"3000199"},{"label":"Printer","value":"3000200"},{"label":"Finger Print Scanner","value":"3000201"},{"label":"Iris Scanner","value":"3000202"},{"label":"Camera","value":"3000203"},{"label":"Document Scanner","value":"3000204"},{"label":"Printer","value":"3000205"},{"label":"Finger Print Scanner","value":"3000206"},{"label":"Iris Scanner","value":"3000207"},{"label":"Camera","value":"3000208"},{"label":"Document Scanner","value":"3000209"},{"label":"Printer","value":"3000210"},{"label":"Finger Print Scanner","value":"3000211"},{"label":"Iris Scanner","value":"3000212"},{"label":"Camera","value":"3000213"},{"label":"Document Scanner","value":"3000214"},{"label":"Printer","value":"3000215"},{"label":"Finger Print Scanner","value":"3000216"},{"label":"Iris Scanner","value":"3000217"},{"label":"Camera","value":"3000218"},{"label":"Document Scanner","value":"3000219"},{"label":"Printer","value":"3000220"},{"label":"Finger Print Scanner","value":"3000221"},{"label":"Iris Scanner","value":"3000222"},{"label":"Camera","value":"3000223"},{"label":"Document Scanner","value":"3000224"},{"label":"Printer","value":"3000225"},{"label":"Finger Print Scanner","value":"3000226"},{"label":"Iris Scanner","value":"3000227"},{"label":"Camera","value":"3000228"},{"label":"Document Scanner","value":"3000229"},{"label":"Printer","value":"3000230"},{"label":"Finger Print Scanner","value":"3000231"},{"label":"Iris Scanner","value":"3000232"},{"label":"Camera","value":"3000233"},{"label":"Document Scanner","value":"3000234"},{"label":"Printer","value":"3000235"},{"label":"Finger Print Scanner","value":"3000236"},{"label":"Iris Scanner","value":"3000237"},{"label":"Camera","value":"3000238"},{"label":"Document Scanner","value":"3000239"},{"label":"Printer","value":"3000240"},{"label":"Finger Print Scanner","value":"3000241"},{"label":"Iris Scanner","value":"3000242"},{"label":"Camera","value":"3000243"},{"label":"Document Scanner","value":"3000244"},{"label":"Printer","value":"3000245"},{"label":"Finger Print Scanner","value":"3000246"},{"label":"Iris Scanner","value":"3000247"},{"label":"Camera","value":"3000248"},{"label":"Document Scanner","value":"3000249"},{"label":"Printer","value":"3000250"},{"label":"Finger Print Scanner","value":"3000251"},{"label":"Iris Scanner","value":"3000252"},{"label":"Camera","value":"3000253"},{"label":"Document Scanner","value":"3000254"},{"label":"Printer","value":"3000255"},{"label":"Finger Print Scanner","value":"3000256"},{"label":"Iris Scanner","value":"3000257"},{"label":"Camera","value":"3000258"},{"label":"Document Scanner","value":"3000259"},{"label":"Printer","value":"3000260"},{"label":"Finger Print Scanner","value":"3000261"},{"label":"Iris Scanner","value":"3000262"},{"label":"Camera","value":"3000263"},{"label":"Document Scanner","value":"3000264"},{"label":"Printer","value":"3000265"},{"label":"Finger Print Scanner","value":"3000266"},{"label":"Iris Scanner","value":"3000267"},{"label":"Camera","value":"3000268"},{"label":"Document Scanner","value":"3000269"},{"label":"Printer","value":"3000270"},{"label":"Finger Print Scanner","value":"3000271"},{"label":"Iris Scanner","value":"3000272"},{"label":"Camera","value":"3000273"},{"label":"Document Scanner","value":"3000274"},{"label":"Printer","value":"3000275"},{"label":"Finger Print Scanner","value":"3000276"},{"label":"Iris Scanner","value":"3000277"},{"label":"Camera","value":"3000278"},{"label":"Document Scanner","value":"3000279"},{"label":"Printer","value":"3000280"},{"label":"Finger Print Scanner","value":"3000281"},{"label":"Iris Scanner","value":"3000282"},{"label":"Camera","value":"3000283"},{"label":"Document Scanner","value":"3000284"},{"label":"Printer","value":"3000285"},{"label":"Finger Print Scanner","value":"3000286"},{"label":"Iris Scanner","value":"3000287"},{"label":"Camera","value":"3000288"},{"label":"Document Scanner","value":"3000289"},{"label":"Printer","value":"3000290"}],"checkSum":[{"label":"mosip-client.jar","value":"134D99F15FCBB6767F196D99F096F1D0A1D8488614A84C26B6595603DE0A12CB"},{"label":"mosip-services.jar","value":"CDC3255112E3A603CF5B7116ECC0FBFCE6F3EEE20E77A1F9795C9A3BBDF81B9C"}],"capturedNonRegisteredDevices":null,"biometric":{"applicant":{"leftIndex":{"forceCaptured":false,"BIRIndex":"e49f89ed-0f39-4cc1-afc7-b1487ea2338b","numRetry":1},"rightEye":{"forceCaptured":false,"BIRIndex":"53dd34b3-c571-4111-987c-86eed029d382","numRetry":1},"rightThumb":{"forceCaptured":false,"BIRIndex":"b3aa4b77-b17a-46d3-91b4-f698e969ce63","numRetry":1},"rightRing":{"forceCaptured":false,"BIRIndex":"b5c754f2-ef92-49ed-a8d2-d860523b2f66","numRetry":1},"leftEye":{"forceCaptured":false,"BIRIndex":"3de480f8-e74b-4be9-91da-b23aa1daa9b0","numRetry":1},"rightIndex":{"forceCaptured":false,"BIRIndex":"042e7a53-cf64-4fd1-be07-fc548d177a93","numRetry":1},"leftLittle":{"forceCaptured":false,"BIRIndex":"80c71aa9-4282-4a58-bfa3-3f1cad21b2eb","numRetry":1},"rightMiddle":{"forceCaptured":false,"BIRIndex":"a59f7303-a2cb-49a0-84c8-9529074eaf3e","numRetry":1},"rightLittle":{"forceCaptured":false,"BIRIndex":"f71a7b6d-dd33-479f-a278-88424a217921","numRetry":1},"leftThumb":{"forceCaptured":false,"BIRIndex":"7d7608e5-9d4a-4e2d-b549-11d60aa51e9b","numRetry":1},"leftRing":{"forceCaptured":false,"BIRIndex":"0a7bda11-a0d3-41e2-9581-7082f5ac7a2e","numRetry":1},"leftMiddle":{"forceCaptured":false,"BIRIndex":"bdda8b8f-479a-4009-93ca-b6f756bf86a2","numRetry":1}}}}}