[ {
  "eventId" : "REG-EVT-110",
  "eventName" : "PACKET_META_JSON_CREATED",
  "eventType" : "USER",
  "actionTimeStamp" : {
    "month" : "JUNE",
    "year" : 2019,
    "dayOfMonth" : 20,
    "hour" : 4,
    "minute" : 22,
    "monthValue" : 6,
    "nano" : 314000000,
    "second" : 31,
    "dayOfWeek" : "THURSDAY",
    "dayOfYear" : 171,
    "chronology" : {
      "id" : "ISO",
      "calendarType" : "iso8601"
    }
  },
  "hostName" : "A1ML29006",
  "hostIp" : "172.23.98.68",
  "applicationId" : "REG",
  "applicationName" : "REGISTRATION",
  "sessionUserId" : "110006",
  "sessionUserName" : "test",
  "id" : "10006100060000620190620042039",
  "idType" : "REGISTRATION_ID",
  "createdBy" : "test",
  "moduleName" : "Packet Creator",
  "moduleId" : "REG-MOD-119",
  "description" : "Packet Meta-Data JSON created successfully",
  "uuid" : "d5617d36-162d-4a9a-9b57-cabca9e7d68d",
  "createdAt" : {
    "month" : "JUNE",
    "year" : 2019,
    "dayOfMonth" : 20,
    "hour" : 9,
    "minute" : 52,
    "monthValue" : 6,
    "nano" : 322000000,
    "second" : 31,
    "dayOfWeek" : "THURSDAY",
    "dayOfYear" : 171,
    "chronology" : {
      "id" : "ISO",
      "calendarType" : "iso8601"
    }
  }
}, {
  "eventId" : "REG-EVT-109",
  "eventName" : "PACKET_HMAC_FILE_CREATED",
  "eventType" : "USER",
  "actionTimeStamp" : {
    "month" : "JUNE",
    "year" : 2019,
    "dayOfMonth" : 20,
    "hour" : 4,
    "minute" : 22,
    "monthValue" : 6,
    "nano" : 337000000,
    "second" : 31,
    "dayOfWeek" : "THURSDAY",
    "dayOfYear" : 171,
    "chronology" : {
      "id" : "ISO",
      "calendarType" : "iso8601"
    }
  },
  "hostName" : "A1ML29006",
  "hostIp" : "172.23.98.68",
  "applicationId" : "REG",
  "applicationName" : "REGISTRATION",
  "sessionUserId" : "110006",
  "sessionUserName" : "test",
  "id" : "10006100060000620190620042039",
  "idType" : "REGISTRATION_ID",
  "createdBy" : "test",
  "moduleName" : "Packet Creator",
  "moduleId" : "REG-MOD-119",
  "description" : "Packet HMAC File created successfully",
  "uuid" : "d7f94abf-d666-4c75-ba99-a3539b7c49bd",
  "createdAt" : {
    "month" : "JUNE",
    "year" : 2019,
    "dayOfMonth" : 20,
    "hour" : 9,
    "minute" : 52,
    "monthValue" : 6,
    "nano" : 344000000,
    "second" : 31,
    "dayOfWeek" : "THURSDAY",
    "dayOfYear" : 171,
    "chronology" : {
      "id" : "ISO",
      "calendarType" : "iso8601"
    }
  }
}, {
  "eventId" : "REG-EVT-110",
  "eventName" : "PACKET_META_JSON_CREATED",
  "eventType" : "USER",
  "actionTimeStamp" : {
    "month" : "JUNE",
    "year" : 2019,
    "dayOfMonth" : 20,
    "hour" : 4,
    "minute" : 22,
    "monthValue" : 6,
    "nano" : 348000000,
    "second" : 31,
    "dayOfWeek" : "THURSDAY",
    "dayOfYear" : 171,
    "chronology" : {
      "id" : "ISO",
      "calendarType" : "iso8601"
    }
  },
  "hostName" : "A1ML29006",
  "hostIp" : "172.23.98.68",
  "applicationId" : "REG",
  "applicationName" : "REGISTRATION",
  "sessionUserId" : "110006",
  "sessionUserName" : "test",
  "id" : "10006100060000620190620042039",
  "idType" : "REGISTRATION_ID",
  "createdBy" : "test",
  "moduleName" : "Packet Creator",
  "moduleId" : "REG-MOD-119",
  "description" : "Packet Meta-Data JSON created successfully",
  "uuid" : "fdaeb206-316f-4769-b052-2a47e72c67e3",
  "createdAt" : {
    "month" : "JUNE",
    "year" : 2019,
    "dayOfMonth" : 20,
    "hour" : 9,
    "minute" : 52,
    "monthValue" : 6,
    "nano" : 355000000,
    "second" : 31,
    "dayOfWeek" : "THURSDAY",
    "dayOfYear" : 171,
    "chronology" : {
      "id" : "ISO",
      "calendarType" : "iso8601"
    }
  }
}, {
  "eventId" : "REG-EVT-110",
  "eventName" : "PACKET_META_JSON_CREATED",
  "eventType" : "USER",
  "actionTimeStamp" : {
    "month" : "JUNE",
    "year" : 2019,
    "dayOfMonth" : 20,
    "hour" : 4,
    "minute" : 22,
    "monthValue" : 6,
    "nano" : 449000000,
    "second" : 31,
    "dayOfWeek" : "THURSDAY",
    "dayOfYear" : 171,
    "chronology" : {
      "id" : "ISO",
      "calendarType" : "iso8601"
    }
  },
  "hostName" : "A1ML29006",
  "hostIp" : "172.23.98.68",
  "applicationId" : "REG",
  "applicationName" : "REGISTRATION",
  "sessionUserId" : "110006",
  "sessionUserName" : "test",
  "id" : "10006100060000620190620042039",
  "idType" : "REGISTRATION_ID",
  "createdBy" : "test",
  "moduleName" : "Packet Creator",
  "moduleId" : "REG-MOD-119",
  "description" : "Packet Meta-Data JSON created successfully",
  "uuid" : "6f6df7e0-be20-4ad2-98d1-4e450c62b354",
  "createdAt" : {
    "month" : "JUNE",
    "year" : 2019,
    "dayOfMonth" : 20,
    "hour" : 9,
    "minute" : 52,
    "monthValue" : 6,
    "nano" : 458000000,
    "second" : 31,
    "dayOfWeek" : "THURSDAY",
    "dayOfYear" : 171,
    "chronology" : {
      "id" : "ISO",
      "calendarType" : "iso8601"
    }
  }
}, {
  "eventId" : "REG-EVT-107",
  "eventName" : "PACKET_INTERNAL_ZIP",
  "eventType" : "USER",
  "actionTimeStamp" : {
    "month" : "JUNE",
    "year" : 2019,
    "dayOfMonth" : 20,
    "hour" : 4,
    "minute" : 22,
    "monthValue" : 6,
    "nano" : 482000000,
    "second" : 31,
    "dayOfWeek" : "THURSDAY",
    "dayOfYear" : 171,
    "chronology" : {
      "id" : "ISO",
      "calendarType" : "iso8601"
    }
  },
  "hostName" : "A1ML29006",
  "hostIp" : "172.23.98.68",
  "applicationId" : "REG",
  "applicationName" : "REGISTRATION",
  "sessionUserId" : "110006",
  "sessionUserName" : "test",
  "id" : "10006100060000620190620042039",
  "idType" : "REGISTRATION_ID",
  "createdBy" : "test",
  "moduleName" : "Packet Creator",
  "moduleId" : "REG-MOD-119",
  "description" : "Packet internally zipped successfully",
  "uuid" : "14f90a65-9dce-4052-bf48-3fdab397eeb4",
  "createdAt" : {
    "month" : "JUNE",
    "year" : 2019,
    "dayOfMonth" : 20,
    "hour" : 9,
    "minute" : 52,
    "monthValue" : 6,
    "nano" : 489000000,
    "second" : 31,
    "dayOfWeek" : "THURSDAY",
    "dayOfYear" : 171,
    "chronology" : {
      "id" : "ISO",
      "calendarType" : "iso8601"
    }
  }
}, {
  "eventId" : "REG-EVT-112",
  "eventName" : "PACKET_AES_ENCRYPTED",
  "eventType" : "USER",
  "actionTimeStamp" : {
    "month" : "JUNE",
    "year" : 2019,
    "dayOfMonth" : 20,
    "hour" : 4,
    "minute" : 22,
    "monthValue" : 6,
    "nano" : 728000000,
    "second" : 31,
    "dayOfWeek" : "THURSDAY",
    "dayOfYear" : 171,
    "chronology" : {
      "id" : "ISO",
      "calendarType" : "iso8601"
    }
  },
  "hostName" : "A1ML29006",
  "hostIp" : "172.23.98.68",
  "applicationId" : "REG",
  "applicationName" : "REGISTRATION",
  "sessionUserId" : "110006",
  "sessionUserName" : "test",
  "id" : "REGISTRATION",
  "idType" : "APPLICATION_ID",
  "createdBy" : "test",
  "moduleName" : "Packet AES Encryptor",
  "moduleId" : "REG-MOD-121",
  "description" : "Packet Encrypted Sucessfully",
  "uuid" : "49c55e9d-885a-424a-a974-91d051f8caa9",
  "createdAt" : {
    "month" : "JUNE",
    "year" : 2019,
    "dayOfMonth" : 20,
    "hour" : 9,
    "minute" : 52,
    "monthValue" : 6,
    "nano" : 737000000,
    "second" : 31,
    "dayOfWeek" : "THURSDAY",
    "dayOfYear" : 171,
    "chronology" : {
      "id" : "ISO",
      "calendarType" : "iso8601"
    }
  }
}, {
  "eventId" : "REG-EVT-099",
  "eventName" : "PACKET_ENCRYPTED",
  "eventType" : "USER",
  "actionTimeStamp" : {
    "month" : "JUNE",
    "year" : 2019,
    "dayOfMonth" : 20,
    "hour" : 4,
    "minute" : 22,
    "monthValue" : 6,
    "nano" : 792000000,
    "second" : 31,
    "dayOfWeek" : "THURSDAY",
    "dayOfYear" : 171,
    "chronology" : {
      "id" : "ISO",
      "calendarType" : "iso8601"
    }
  },
  "hostName" : "A1ML29006",
  "hostIp" : "172.23.98.68",
  "applicationId" : "REG",
  "applicationName" : "REGISTRATION",
  "sessionUserId" : "110006",
  "sessionUserName" : "test",
  "id" : "10006100060000620190620042039",
  "idType" : "REGISTRATION_ID",
  "createdBy" : "test",
  "moduleName" : "Packet Encryptor",
  "moduleId" : "REG-MOD-120",
  "description" : "Packet Encrypted Sucessfully",
  "uuid" : "3f8e16fd-d610-4cc2-8f53-f09ef29fc0a0",
  "createdAt" : {
    "month" : "JUNE",
    "year" : 2019,
    "dayOfMonth" : 20,
    "hour" : 9,
    "minute" : 52,
    "monthValue" : 6,
    "nano" : 799000000,
    "second" : 31,
    "dayOfWeek" : "THURSDAY",
    "dayOfYear" : 171,
    "chronology" : {
      "id" : "ISO",
      "calendarType" : "iso8601"
    }
  }
}, {
  "eventId" : "REG-EVT-137",
  "eventName" : "NOTIFICATION_SERVICE",
  "eventType" : "USER",
  "actionTimeStamp" : {
    "month" : "JUNE",
    "year" : 2019,
    "dayOfMonth" : 20,
    "hour" : 4,
    "minute" : 22,
    "monthValue" : 6,
    "nano" : 939000000,
    "second" : 31,
    "dayOfWeek" : "THURSDAY",
    "dayOfYear" : 171,
    "chronology" : {
      "id" : "ISO",
      "calendarType" : "iso8601"
    }
  },
  "hostName" : "A1ML29006",
  "hostIp" : "172.23.98.68",
  "applicationId" : "REG",
  "applicationName" : "REGISTRATION",
  "sessionUserId" : "110006",
  "sessionUserName" : "test",
  "id" : "110006",
  "idType" : "USER_ID",
  "createdBy" : "test",
  "moduleName" : "Notification",
  "moduleId" : "REG-MOD-137",
  "description" : "Notification request status",
  "uuid" : "b0e37d68-4c79-4331-8657-c142537084c4",
  "createdAt" : {
    "month" : "JUNE",
    "year" : 2019,
    "dayOfMonth" : 20,
    "hour" : 9,
    "minute" : 52,
    "monthValue" : 6,
    "nano" : 947000000,
    "second" : 31,
    "dayOfWeek" : "THURSDAY",
    "dayOfYear" : 171,
    "chronology" : {
      "id" : "ISO",
      "calendarType" : "iso8601"
    }
  }
}, {
  "eventId" : "REG-EVT-137",
  "eventName" : "NOTIFICATION_SERVICE",
  "eventType" : "USER",
  "actionTimeStamp" : {
    "month" : "JUNE",
    "year" : 2019,
    "dayOfMonth" : 20,
    "hour" : 4,
    "minute" : 22,
    "monthValue" : 6,
    "nano" : 144000000,
    "second" : 32,
    "dayOfWeek" : "THURSDAY",
    "dayOfYear" : 171,
    "chronology" : {
      "id" : "ISO",
      "calendarType" : "iso8601"
    }
  },
  "hostName" : "A1ML29006",
  "hostIp" : "172.23.98.68",
  "applicationId" : "REG",
  "applicationName" : "REGISTRATION",
  "sessionUserId" : "110006",
  "sessionUserName" : "test",
  "id" : "110006",
  "idType" : "USER_ID",
  "createdBy" : "test",
  "moduleName" : "Notification",
  "moduleId" : "REG-MOD-137",
  "description" : "Notification request status",
  "uuid" : "220ac487-8984-4159-a7be-bd0878e8e55b",
  "createdAt" : {
    "month" : "JUNE",
    "year" : 2019,
    "dayOfMonth" : 20,
    "hour" : 9,
    "minute" : 52,
    "monthValue" : 6,
    "nano" : 166000000,
    "second" : 32,
    "dayOfWeek" : "THURSDAY",
    "dayOfYear" : 171,
    "chronology" : {
      "id" : "ISO",
      "calendarType" : "iso8601"
    }
  }
}, {
  "eventId" : "REG-EVT-137",
  "eventName" : "NOTIFICATION_SERVICE",
  "eventType" : "USER",
  "actionTimeStamp" : {
    "month" : "JUNE",
    "year" : 2019,
    "dayOfMonth" : 20,
    "hour" : 4,
    "minute" : 22,
    "monthValue" : 6,
    "nano" : 876000000,
    "second" : 32,
    "dayOfWeek" : "THURSDAY",
    "dayOfYear" : 171,
    "chronology" : {
      "id" : "ISO",
      "calendarType" : "iso8601"
    }
  },
  "hostName" : "A1ML29006",
  "hostIp" : "172.23.98.68",
  "applicationId" : "REG",
  "applicationName" : "REGISTRATION",
  "sessionUserId" : "110006",
  "sessionUserName" : "test",
  "id" : "110006",
  "idType" : "USER_ID",
  "createdBy" : "test",
  "moduleName" : "Notification",
  "moduleId" : "REG-MOD-137",
  "description" : "Notification request status",
  "uuid" : "1808d86d-212b-4548-afdb-c0c91b7dc19f",
  "createdAt" : {
    "month" : "JUNE",
    "year" : 2019,
    "dayOfMonth" : 20,
    "hour" : 9,
    "minute" : 52,
    "monthValue" : 6,
    "nano" : 895000000,
    "second" : 32,
    "dayOfWeek" : "THURSDAY",
    "dayOfYear" : 171,
    "chronology" : {
      "id" : "ISO",
      "calendarType" : "iso8601"
    }
  }
}, {
  "eventId" : "REG-EVT-125",
  "eventName" : "PACKET_RETRIVE",
  "eventType" : "USER",
  "actionTimeStamp" : {
    "month" : "JUNE",
    "year" : 2019,
    "dayOfMonth" : 20,
    "hour" : 4,
    "minute" : 22,
    "monthValue" : 6,
    "nano" : 769000000,
    "second" : 59,
    "dayOfWeek" : "THURSDAY",
    "dayOfYear" : 171,
    "chronology" : {
      "id" : "ISO",
      "calendarType" : "iso8601"
    }
  },
  "hostName" : "A1ML29006",
  "hostIp" : "172.23.98.68",
  "applicationId" : "REG",
  "applicationName" : "REGISTRATION",
  "sessionUserId" : "110006",
  "sessionUserName" : "test",
  "id" : "110006",
  "idType" : "USER_ID",
  "createdBy" : "test",
  "moduleName" : "Packet Retrive for Approval",
  "moduleId" : "REG-MOD-131",
  "description" : "Packets which are in created state for approval are retrived",
  "uuid" : "48ca45ea-3004-4170-b3d3-8ff0eafab5b5",
  "createdAt" : {
    "month" : "JUNE",
    "year" : 2019,
    "dayOfMonth" : 20,
    "hour" : 9,
    "minute" : 52,
    "monthValue" : 6,
    "nano" : 777000000,
    "second" : 59,
    "dayOfWeek" : "THURSDAY",
    "dayOfYear" : 171,
    "chronology" : {
      "id" : "ISO",
      "calendarType" : "iso8601"
    }
  }
}, {
  "eventId" : "REG-EVT-125",
  "eventName" : "PACKET_RETRIVE",
  "eventType" : "USER",
  "actionTimeStamp" : {
    "month" : "JUNE",
    "year" : 2019,
    "dayOfMonth" : 20,
    "hour" : 4,
    "minute" : 22,
    "monthValue" : 6,
    "nano" : 787000000,
    "second" : 59,
    "dayOfWeek" : "THURSDAY",
    "dayOfYear" : 171,
    "chronology" : {
      "id" : "ISO",
      "calendarType" : "iso8601"
    }
  },
  "hostName" : "A1ML29006",
  "hostIp" : "172.23.98.68",
  "applicationId" : "REG",
  "applicationName" : "REGISTRATION",
  "sessionUserId" : "110006",
  "sessionUserName" : "test",
  "id" : "110006",
  "idType" : "USER_ID",
  "createdBy" : "test",
  "moduleName" : "Packet Retrive for Approval",
  "moduleId" : "REG-MOD-131",
  "description" : "Packets which are in created state for approval are retrived",
  "uuid" : "de76d9d2-06f8-492d-acb8-ed07bcf3c822",
  "createdAt" : {
    "month" : "JUNE",
    "year" : 2019,
    "dayOfMonth" : 20,
    "hour" : 9,
    "minute" : 52,
    "monthValue" : 6,
    "nano" : 795000000,
    "second" : 59,
    "dayOfWeek" : "THURSDAY",
    "dayOfYear" : 171,
    "chronology" : {
      "id" : "ISO",
      "calendarType" : "iso8601"
    }
  }
}, {
  "eventId" : "REG-EVT-021",
  "eventName" : "NAV_HOME",
  "eventType" : "SYSTEM",
  "actionTimeStamp" : {
    "month" : "JUNE",
    "year" : 2019,
    "dayOfMonth" : 20,
    "hour" : 4,
    "minute" : 22,
    "monthValue" : 6,
    "nano" : 837000000,
    "second" : 59,
    "dayOfWeek" : "THURSDAY",
    "dayOfYear" : 171,
    "chronology" : {
      "id" : "ISO",
      "calendarType" : "iso8601"
    }
  },
  "hostName" : "A1ML29006",
  "hostIp" : "172.23.98.68",
  "applicationId" : "REG",
  "applicationName" : "REGISTRATION",
  "sessionUserId" : "110006",
  "sessionUserName" : "test",
  "id" : "110006",
  "idType" : "USER_ID",
  "createdBy" : "test",
  "moduleName" : "Navigation",
  "moduleId" : "REG-MOD-102",
  "description" : "Navigation link: Home",
  "uuid" : "888936eb-f95a-429f-a5b5-99109e413284",
  "createdAt" : {
    "month" : "JUNE",
    "year" : 2019,
    "dayOfMonth" : 20,
    "hour" : 9,
    "minute" : 52,
    "monthValue" : 6,
    "nano" : 846000000,
    "second" : 59,
    "dayOfWeek" : "THURSDAY",
    "dayOfYear" : 171,
    "chronology" : {
      "id" : "ISO",
      "calendarType" : "iso8601"
    }
  }
}, {
  "eventId" : "REG-EVT-012",
  "eventName" : "NAV_APPROVE_REG",
  "eventType" : "USER",
  "actionTimeStamp" : {
    "month" : "JUNE",
    "year" : 2019,
    "dayOfMonth" : 20,
    "hour" : 4,
    "minute" : 23,
    "monthValue" : 6,
    "nano" : 315000000,
    "second" : 2,
    "dayOfWeek" : "THURSDAY",
    "dayOfYear" : 171,
    "chronology" : {
      "id" : "ISO",
      "calendarType" : "iso8601"
    }
  },
  "hostName" : "A1ML29006",
  "hostIp" : "172.23.98.68",
  "applicationId" : "REG",
  "applicationName" : "REGISTRATION",
  "sessionUserId" : "110006",
  "sessionUserName" : "test",
  "id" : "110006",
  "idType" : "USER_ID",
  "createdBy" : "test",
  "moduleName" : "Navigation",
  "moduleId" : "REG-MOD-102",
  "description" : "Navigation link: Approve Registration",
  "uuid" : "d495250e-4aec-4a1b-8ba1-eb318524c25b",
  "createdAt" : {
    "month" : "JUNE",
    "year" : 2019,
    "dayOfMonth" : 20,
    "hour" : 9,
    "minute" : 53,
    "monthValue" : 6,
    "nano" : 325000000,
    "second" : 2,
    "dayOfWeek" : "THURSDAY",
    "dayOfYear" : 171,
    "chronology" : {
      "id" : "ISO",
      "calendarType" : "iso8601"
    }
  }
}, {
  "eventId" : "REG-EVT-125",
  "eventName" : "PACKET_RETRIVE",
  "eventType" : "USER",
  "actionTimeStamp" : {
    "month" : "JUNE",
    "year" : 2019,
    "dayOfMonth" : 20,
    "hour" : 4,
    "minute" : 23,
    "monthValue" : 6,
    "nano" : 412000000,
    "second" : 2,
    "dayOfWeek" : "THURSDAY",
    "dayOfYear" : 171,
    "chronology" : {
      "id" : "ISO",
      "calendarType" : "iso8601"
    }
  },
  "hostName" : "A1ML29006",
  "hostIp" : "172.23.98.68",
  "applicationId" : "REG",
  "applicationName" : "REGISTRATION",
  "sessionUserId" : "110006",
  "sessionUserName" : "test",
  "id" : "110006",
  "idType" : "USER_ID",
  "createdBy" : "test",
  "moduleName" : "Packet Retrive for Approval",
  "moduleId" : "REG-MOD-131",
  "description" : "Packets which are in created state for approval are retrived",
  "uuid" : "a93e87f6-e319-4ac0-9b76-989c51e4e5ad",
  "createdAt" : {
    "month" : "JUNE",
    "year" : 2019,
    "dayOfMonth" : 20,
    "hour" : 9,
    "minute" : 53,
    "monthValue" : 6,
    "nano" : 419000000,
    "second" : 2,
    "dayOfWeek" : "THURSDAY",
    "dayOfYear" : 171,
    "chronology" : {
      "id" : "ISO",
      "calendarType" : "iso8601"
    }
  }
}, {
  "eventId" : "REG-EVT-125",
  "eventName" : "PACKET_RETRIVE",
  "eventType" : "USER",
  "actionTimeStamp" : {
    "month" : "JUNE",
    "year" : 2019,
    "dayOfMonth" : 20,
    "hour" : 4,
    "minute" : 23,
    "monthValue" : 6,
    "nano" : 430000000,
    "second" : 2,
    "dayOfWeek" : "THURSDAY",
    "dayOfYear" : 171,
    "chronology" : {
      "id" : "ISO",
      "calendarType" : "iso8601"
    }
  },
  "hostName" : "A1ML29006",
  "hostIp" : "172.23.98.68",
  "applicationId" : "REG",
  "applicationName" : "REGISTRATION",
  "sessionUserId" : "110006",
  "sessionUserName" : "test",
  "id" : "110006",
  "idType" : "USER_ID",
  "createdBy" : "test",
  "moduleName" : "Packet Retrive for Approval",
  "moduleId" : "REG-MOD-131",
  "description" : "Packets which are in created state for approval are retrived",
  "uuid" : "0f96930a-509e-4ede-ba61-4d3622470d4d",
  "createdAt" : {
    "month" : "JUNE",
    "year" : 2019,
    "dayOfMonth" : 20,
    "hour" : 9,
    "minute" : 53,
    "monthValue" : 6,
    "nano" : 437000000,
    "second" : 2,
    "dayOfWeek" : "THURSDAY",
    "dayOfYear" : 171,
    "chronology" : {
      "id" : "ISO",
      "calendarType" : "iso8601"
    }
  }
}, {
  "eventId" : "REG-EVT-114",
  "eventName" : "LOGIN_MODES_FETCH",
  "eventType" : "USER",
  "actionTimeStamp" : {
    "month" : "JUNE",
    "year" : 2019,
    "dayOfMonth" : 20,
    "hour" : 4,
    "minute" : 23,
    "monthValue" : 6,
    "nano" : 702000000,
    "second" : 5,
    "dayOfWeek" : "THURSDAY",
    "dayOfYear" : 171,
    "chronology" : {
      "id" : "ISO",
      "calendarType" : "iso8601"
    }
  },
  "hostName" : "A1ML29006",
  "hostIp" : "172.23.98.68",
  "applicationId" : "REG",
  "applicationName" : "REGISTRATION",
  "sessionUserId" : "110006",
  "sessionUserName" : "test",
  "id" : "REGISTRATION",
  "idType" : "APPLICATION_ID",
  "createdBy" : "test",
  "moduleName" : "Login Modes",
  "moduleId" : "REG-MOD-123",
  "description" : "Fetching Login Modes",
  "uuid" : "c2341abd-efcb-45ae-9a36-8b4d1927584a",
  "createdAt" : {
    "month" : "JUNE",
    "year" : 2019,
    "dayOfMonth" : 20,
    "hour" : 9,
    "minute" : 53,
    "monthValue" : 6,
    "nano" : 715000000,
    "second" : 5,
    "dayOfWeek" : "THURSDAY",
    "dayOfYear" : 171,
    "chronology" : {
      "id" : "ISO",
      "calendarType" : "iso8601"
    }
  }
}, {
  "eventId" : "REG-EVT-114",
  "eventName" : "LOGIN_MODES_FETCH",
  "eventType" : "USER",
  "actionTimeStamp" : {
    "month" : "JUNE",
    "year" : 2019,
    "dayOfMonth" : 20,
    "hour" : 4,
    "minute" : 23,
    "monthValue" : 6,
    "nano" : 722000000,
    "second" : 5,
    "dayOfWeek" : "THURSDAY",
    "dayOfYear" : 171,
    "chronology" : {
      "id" : "ISO",
      "calendarType" : "iso8601"
    }
  },
  "hostName" : "A1ML29006",
  "hostIp" : "172.23.98.68",
  "applicationId" : "REG",
  "applicationName" : "REGISTRATION",
  "sessionUserId" : "110006",
  "sessionUserName" : "test",
  "id" : "REGISTRATION",
  "idType" : "APPLICATION_ID",
  "createdBy" : "test",
  "moduleName" : "Login Modes",
  "moduleId" : "REG-MOD-123",
  "description" : "Fetching Login Modes",
  "uuid" : "73f9f83d-a75f-48d3-ae0e-67a5798facd6",
  "createdAt" : {
    "month" : "JUNE",
    "year" : 2019,
    "dayOfMonth" : 20,
    "hour" : 9,
    "minute" : 53,
    "monthValue" : 6,
    "nano" : 729000000,
    "second" : 5,
    "dayOfWeek" : "THURSDAY",
    "dayOfYear" : 171,
    "chronology" : {
      "id" : "ISO",
      "calendarType" : "iso8601"
    }
  }
}, {
  "eventId" : "REG-EVT-114",
  "eventName" : "LOGIN_MODES_FETCH",
  "eventType" : "USER",
  "actionTimeStamp" : {
    "month" : "JUNE",
    "year" : 2019,
    "dayOfMonth" : 20,
    "hour" : 4,
    "minute" : 23,
    "monthValue" : 6,
    "nano" : 736000000,
    "second" : 5,
    "dayOfWeek" : "THURSDAY",
    "dayOfYear" : 171,
    "chronology" : {
      "id" : "ISO",
      "calendarType" : "iso8601"
    }
  },
  "hostName" : "A1ML29006",
  "hostIp" : "172.23.98.68",
  "applicationId" : "REG",
  "applicationName" : "REGISTRATION",
  "sessionUserId" : "110006",
  "sessionUserName" : "test",
  "id" : "REGISTRATION",
  "idType" : "APPLICATION_ID",
  "createdBy" : "test",
  "moduleName" : "Login Modes",
  "moduleId" : "REG-MOD-123",
  "description" : "Fetching Login Modes",
  "uuid" : "cbe8a8ea-e1fe-47b0-a051-595ed8eec960",
  "createdAt" : {
    "month" : "JUNE",
    "year" : 2019,
    "dayOfMonth" : 20,
    "hour" : 9,
    "minute" : 53,
    "monthValue" : 6,
    "nano" : 744000000,
    "second" : 5,
    "dayOfWeek" : "THURSDAY",
    "dayOfYear" : 171,
    "chronology" : {
      "id" : "ISO",
      "calendarType" : "iso8601"
    }
  }
}, {
  "eventId" : "REG-EVT-067",
  "eventName" : "REG_SUPERVISOR_AUTH_PASSWORD",
  "eventType" : "USER",
  "actionTimeStamp" : {
    "month" : "JUNE",
    "year" : 2019,
    "dayOfMonth" : 20,
    "hour" : 4,
    "minute" : 23,
    "monthValue" : 6,
    "nano" : 865000000,
    "second" : 10,
    "dayOfWeek" : "THURSDAY",
    "dayOfYear" : 171,
    "chronology" : {
      "id" : "ISO",
      "calendarType" : "iso8601"
    }
  },
  "hostName" : "A1ML29006",
  "hostIp" : "172.23.98.68",
  "applicationId" : "REG",
  "applicationName" : "REGISTRATION",
  "sessionUserId" : "110006",
  "sessionUserName" : "test",
  "id" : "110006",
  "idType" : "USER_ID",
  "createdBy" : "test",
  "moduleName" : "Registration: OS Authentication",
  "moduleId" : "REG-MOD-107",
  "description" : "Supervisor authentication with password: Click of Submit",
  "uuid" : "bca4c03f-387f-44dd-a8cd-e6dcca6e1b01",
  "createdAt" : {
    "month" : "JUNE",
    "year" : 2019,
    "dayOfMonth" : 20,
    "hour" : 9,
    "minute" : 53,
    "monthValue" : 6,
    "nano" : 872000000,
    "second" : 10,
    "dayOfWeek" : "THURSDAY",
    "dayOfYear" : 171,
    "chronology" : {
      "id" : "ISO",
      "calendarType" : "iso8601"
    }
  }
}, {
  "eventId" : "REG-EVT-117",
  "eventName" : "FETCH_USER_DETAILS",
  "eventType" : "USER",
  "actionTimeStamp" : {
    "month" : "JUNE",
    "year" : 2019,
    "dayOfMonth" : 20,
    "hour" : 4,
    "minute" : 23,
    "monthValue" : 6,
    "nano" : 875000000,
    "second" : 10,
    "dayOfWeek" : "THURSDAY",
    "dayOfYear" : 171,
    "chronology" : {
      "id" : "ISO",
      "calendarType" : "iso8601"
    }
  },
  "hostName" : "A1ML29006",
  "hostIp" : "172.23.98.68",
  "applicationId" : "REG",
  "applicationName" : "REGISTRATION",
  "sessionUserId" : "110006",
  "sessionUserName" : "test",
  "id" : "REGISTRATION",
  "idType" : "APPLICATION_ID",
  "createdBy" : "test",
  "moduleName" : "User Detail",
  "moduleId" : "REG-MOD-126",
  "description" : "Fetching User Details",
  "uuid" : "a1039fd4-f83a-47f1-87fe-20c5ef7b29ba",
  "createdAt" : {
    "month" : "JUNE",
    "year" : 2019,
    "dayOfMonth" : 20,
    "hour" : 9,
    "minute" : 53,
    "monthValue" : 6,
    "nano" : 882000000,
    "second" : 10,
    "dayOfWeek" : "THURSDAY",
    "dayOfYear" : 171,
    "chronology" : {
      "id" : "ISO",
      "calendarType" : "iso8601"
    }
  }
}, {
  "eventId" : "REG-EVT-117",
  "eventName" : "FETCH_USER_DETAILS",
  "eventType" : "USER",
  "actionTimeStamp" : {
    "month" : "JUNE",
    "year" : 2019,
    "dayOfMonth" : 20,
    "hour" : 4,
    "minute" : 23,
    "monthValue" : 6,
    "nano" : 894000000,
    "second" : 10,
    "dayOfWeek" : "THURSDAY",
    "dayOfYear" : 171,
    "chronology" : {
      "id" : "ISO",
      "calendarType" : "iso8601"
    }
  },
  "hostName" : "A1ML29006",
  "hostIp" : "172.23.98.68",
  "applicationId" : "REG",
  "applicationName" : "REGISTRATION",
  "sessionUserId" : "110006",
  "sessionUserName" : "test",
  "id" : "REGISTRATION",
  "idType" : "APPLICATION_ID",
  "createdBy" : "test",
  "moduleName" : "User Detail",
  "moduleId" : "REG-MOD-126",
  "description" : "Fetching User Details",
  "uuid" : "4411c79e-ba9d-4f24-acaa-3da05a32e1e3",
  "createdAt" : {
    "month" : "JUNE",
    "year" : 2019,
    "dayOfMonth" : 20,
    "hour" : 9,
    "minute" : 53,
    "monthValue" : 6,
    "nano" : 901000000,
    "second" : 10,
    "dayOfWeek" : "THURSDAY",
    "dayOfYear" : 171,
    "chronology" : {
      "id" : "ISO",
      "calendarType" : "iso8601"
    }
  }
}, {
  "eventId" : "REG-EVT-126",
  "eventName" : "PACKET_UPDATE",
  "eventType" : "USER",
  "actionTimeStamp" : {
    "month" : "JUNE",
    "year" : 2019,
    "dayOfMonth" : 20,
    "hour" : 4,
    "minute" : 23,
    "monthValue" : 6,
    "nano" : 914000000,
    "second" : 10,
    "dayOfWeek" : "THURSDAY",
    "dayOfYear" : 171,
    "chronology" : {
      "id" : "ISO",
      "calendarType" : "iso8601"
    }
  },
  "hostName" : "A1ML29006",
  "hostIp" : "172.23.98.68",
  "applicationId" : "REG",
  "applicationName" : "REGISTRATION",
  "sessionUserId" : "110006",
  "sessionUserName" : "test",
  "id" : "110006",
  "idType" : "USER_ID",
  "createdBy" : "test",
  "moduleName" : "Update Packet",
  "moduleId" : "REG-MOD-132",
  "description" : "Packets which are in created state are updated",
  "uuid" : "b9fadec5-668d-4ba7-a00c-65ec71aced36",
  "createdAt" : {
    "month" : "JUNE",
    "year" : 2019,
    "dayOfMonth" : 20,
    "hour" : 9,
    "minute" : 53,
    "monthValue" : 6,
    "nano" : 923000000,
    "second" : 10,
    "dayOfWeek" : "THURSDAY",
    "dayOfYear" : 171,
    "chronology" : {
      "id" : "ISO",
      "calendarType" : "iso8601"
    }
  }
}, {
  "eventId" : "REG-EVT-125",
  "eventName" : "PACKET_RETRIVE",
  "eventType" : "USER",
  "actionTimeStamp" : {
    "month" : "JUNE",
    "year" : 2019,
    "dayOfMonth" : 20,
    "hour" : 4,
    "minute" : 23,
    "monthValue" : 6,
    "nano" : 346000000,
    "second" : 12,
    "dayOfWeek" : "THURSDAY",
    "dayOfYear" : 171,
    "chronology" : {
      "id" : "ISO",
      "calendarType" : "iso8601"
    }
  },
  "hostName" : "A1ML29006",
  "hostIp" : "172.23.98.68",
  "applicationId" : "REG",
  "applicationName" : "REGISTRATION",
  "sessionUserId" : "110006",
  "sessionUserName" : "test",
  "id" : "110006",
  "idType" : "USER_ID",
  "createdBy" : "test",
  "moduleName" : "Packet Retrive for Approval",
  "moduleId" : "REG-MOD-131",
  "description" : "Packets which are in created state for approval are retrived",
  "uuid" : "ee9fe23c-1e0a-4c55-965d-2a7c07cc5d38",
  "createdAt" : {
    "month" : "JUNE",
    "year" : 2019,
    "dayOfMonth" : 20,
    "hour" : 9,
    "minute" : 53,
    "monthValue" : 6,
    "nano" : 358000000,
    "second" : 12,
    "dayOfWeek" : "THURSDAY",
    "dayOfYear" : 171,
    "chronology" : {
      "id" : "ISO",
      "calendarType" : "iso8601"
    }
  }
}, {
  "eventId" : "REG-EVT-125",
  "eventName" : "PACKET_RETRIVE",
  "eventType" : "USER",
  "actionTimeStamp" : {
    "month" : "JUNE",
    "year" : 2019,
    "dayOfMonth" : 20,
    "hour" : 4,
    "minute" : 23,
    "monthValue" : 6,
    "nano" : 367000000,
    "second" : 12,
    "dayOfWeek" : "THURSDAY",
    "dayOfYear" : 171,
    "chronology" : {
      "id" : "ISO",
      "calendarType" : "iso8601"
    }
  },
  "hostName" : "A1ML29006",
  "hostIp" : "172.23.98.68",
  "applicationId" : "REG",
  "applicationName" : "REGISTRATION",
  "sessionUserId" : "110006",
  "sessionUserName" : "test",
  "id" : "110006",
  "idType" : "USER_ID",
  "createdBy" : "test",
  "moduleName" : "Packet Retrive for Approval",
  "moduleId" : "REG-MOD-131",
  "description" : "Packets which are in created state for approval are retrived",
  "uuid" : "198d358f-b985-4aef-9474-36e600559cab",
  "createdAt" : {
    "month" : "JUNE",
    "year" : 2019,
    "dayOfMonth" : 20,
    "hour" : 9,
    "minute" : 53,
    "monthValue" : 6,
    "nano" : 375000000,
    "second" : 12,
    "dayOfWeek" : "THURSDAY",
    "dayOfYear" : 171,
    "chronology" : {
      "id" : "ISO",
      "calendarType" : "iso8601"
    }
  }
}, {
  "eventId" : "REG-EVT-093",
  "eventName" : "SYNC_PRE_REGISTRATION_PACKET",
  "eventType" : "USER",
  "actionTimeStamp" : {
    "month" : "JUNE",
    "year" : 2019,
    "dayOfMonth" : 20,
    "hour" : 4,
    "minute" : 23,
    "monthValue" : 6,
    "nano" : 759000000,
    "second" : 14,
    "dayOfWeek" : "THURSDAY",
    "dayOfYear" : 171,
    "chronology" : {
      "id" : "ISO",
      "calendarType" : "iso8601"
    }
  },
  "hostName" : "A1ML29006",
  "hostIp" : "172.23.98.68",
  "applicationId" : "REG",
  "applicationName" : "REGISTRATION",
  "sessionUserId" : "110006",
  "sessionUserName" : "test",
  "id" : "110006",
  "idType" : "USER_ID",
  "createdBy" : "test",
  "moduleName" : "Server to Client Sync",
  "moduleId" : "REG-MOD-114",
  "description" : "Sync pre-registration data",
  "uuid" : "e7c0bf21-7ec2-415f-ac72-2c63884f04f7",
  "createdAt" : {
    "month" : "JUNE",
    "year" : 2019,
    "dayOfMonth" : 20,
    "hour" : 9,
    "minute" : 53,
    "monthValue" : 6,
    "nano" : 769000000,
    "second" : 14,
    "dayOfWeek" : "THURSDAY",
    "dayOfYear" : 171,
    "chronology" : {
      "id" : "ISO",
      "calendarType" : "iso8601"
    }
  }
}, {
  "eventId" : "REG-EVT-014",
  "eventName" : "NAV_UPLOAD_PACKETS",
  "eventType" : "USER",
  "actionTimeStamp" : {
    "month" : "JUNE",
    "year" : 2019,
    "dayOfMonth" : 20,
    "hour" : 4,
    "minute" : 23,
    "monthValue" : 6,
    "nano" : 774000000,
    "second" : 14,
    "dayOfWeek" : "THURSDAY",
    "dayOfYear" : 171,
    "chronology" : {
      "id" : "ISO",
      "calendarType" : "iso8601"
    }
  },
  "hostName" : "A1ML29006",
  "hostIp" : "172.23.98.68",
  "applicationId" : "REG",
  "applicationName" : "REGISTRATION",
  "sessionUserId" : "110006",
  "sessionUserName" : "test",
  "id" : "110006",
  "idType" : "USER_ID",
  "createdBy" : "test",
  "moduleName" : "Navigation",
  "moduleId" : "REG-MOD-102",
  "description" : "Navigation link: Upload Packets",
  "uuid" : "6050b751-8672-4623-a1f4-fe368272900d",
  "createdAt" : {
    "month" : "JUNE",
    "year" : 2019,
    "dayOfMonth" : 20,
    "hour" : 9,
    "minute" : 53,
    "monthValue" : 6,
    "nano" : 784000000,
    "second" : 14,
    "dayOfWeek" : "THURSDAY",
    "dayOfYear" : 171,
    "chronology" : {
      "id" : "ISO",
      "calendarType" : "iso8601"
    }
  }
}, {
  "eventId" : "REG-EVT-079",
  "eventName" : "UPLOAD_PACKET",
  "eventType" : "SYSTEM",
  "actionTimeStamp" : {
    "month" : "JUNE",
    "year" : 2019,
    "dayOfMonth" : 20,
    "hour" : 4,
    "minute" : 23,
    "monthValue" : 6,
    "nano" : 688000000,
    "second" : 17,
    "dayOfWeek" : "THURSDAY",
    "dayOfYear" : 171,
    "chronology" : {
      "id" : "ISO",
      "calendarType" : "iso8601"
    }
  },
  "hostName" : "A1ML29006",
  "hostIp" : "172.23.98.68",
  "applicationId" : "REG",
  "applicationName" : "REGISTRATION",
  "sessionUserId" : "110006",
  "sessionUserName" : "test",
  "id" : "110006",
  "idType" : "USER_ID",
  "createdBy" : "test",
  "moduleName" : "Upload Packets",
  "moduleId" : "REG-MOD-110",
  "description" : "Upload packets",
  "uuid" : "4c7ef160-7463-45d8-84c4-e3f92a4be5d0",
  "createdAt" : {
    "month" : "JUNE",
    "year" : 2019,
    "dayOfMonth" : 20,
    "hour" : 9,
    "minute" : 53,
    "monthValue" : 6,
    "nano" : 705000000,
    "second" : 17,
    "dayOfWeek" : "THURSDAY",
    "dayOfYear" : 171,
    "chronology" : {
      "id" : "ISO",
      "calendarType" : "iso8601"
    }
  }
}, {
  "eventId" : "REG-EVT-112",
  "eventName" : "PACKET_AES_ENCRYPTED",
  "eventType" : "USER",
  "actionTimeStamp" : {
    "month" : "JUNE",
    "year" : 2019,
    "dayOfMonth" : 20,
    "hour" : 4,
    "minute" : 23,
    "monthValue" : 6,
    "nano" : 831000000,
    "second" : 17,
    "dayOfWeek" : "THURSDAY",
    "dayOfYear" : 171,
    "chronology" : {
      "id" : "ISO",
      "calendarType" : "iso8601"
    }
  },
  "hostName" : "A1ML29006",
  "hostIp" : "172.23.98.68",
  "applicationId" : "REG",
  "applicationName" : "REGISTRATION",
  "sessionUserId" : "110006",
  "sessionUserName" : "test",
  "id" : "REGISTRATION",
  "idType" : "APPLICATION_ID",
  "createdBy" : "test",
  "moduleName" : "Packet AES Encryptor",
  "moduleId" : "REG-MOD-121",
  "description" : "Packet Encrypted Sucessfully",
  "uuid" : "110030c4-f3f1-4a92-952f-361e30107eb4",
  "createdAt" : {
    "month" : "JUNE",
    "year" : 2019,
    "dayOfMonth" : 20,
    "hour" : 9,
    "minute" : 53,
    "monthValue" : 6,
    "nano" : 837000000,
    "second" : 17,
    "dayOfWeek" : "THURSDAY",
    "dayOfYear" : 171,
    "chronology" : {
      "id" : "ISO",
      "calendarType" : "iso8601"
    }
  }
}, {
  "eventId" : "REG-EVT-079",
  "eventName" : "UPLOAD_PACKET",
  "eventType" : "SYSTEM",
  "actionTimeStamp" : {
    "month" : "JUNE",
    "year" : 2019,
    "dayOfMonth" : 20,
    "hour" : 4,
    "minute" : 23,
    "monthValue" : 6,
    "nano" : 499000000,
    "second" : 19,
    "dayOfWeek" : "THURSDAY",
    "dayOfYear" : 171,
    "chronology" : {
      "id" : "ISO",
      "calendarType" : "iso8601"
    }
  },
  "hostName" : "A1ML29006",
  "hostIp" : "172.23.98.68",
  "applicationId" : "REG",
  "applicationName" : "REGISTRATION",
  "sessionUserId" : "110006",
  "sessionUserName" : "test",
  "id" : "110006",
  "idType" : "USER_ID",
  "createdBy" : "test",
  "moduleName" : "Upload Packets",
  "moduleId" : "REG-MOD-110",
  "description" : "Upload packets",
  "uuid" : "896cf605-f62d-4b1b-b071-5ebd64d438ee",
  "createdAt" : {
    "month" : "JUNE",
    "year" : 2019,
    "dayOfMonth" : 20,
    "hour" : 9,
    "minute" : 53,
    "monthValue" : 6,
    "nano" : 507000000,
    "second" : 19,
    "dayOfWeek" : "THURSDAY",
    "dayOfYear" : 171,
    "chronology" : {
      "id" : "ISO",
      "calendarType" : "iso8601"
    }
  }
}, {
  "eventId" : "REG-EVT-133",
  "eventName" : "PACKET_UPLOAD",
  "eventType" : "USER",
  "actionTimeStamp" : {
    "month" : "JUNE",
    "year" : 2019,
    "dayOfMonth" : 20,
    "hour" : 4,
    "minute" : 23,
    "monthValue" : 6,
    "nano" : 513000000,
    "second" : 19,
    "dayOfWeek" : "THURSDAY",
    "dayOfYear" : 171,
    "chronology" : {
      "id" : "ISO",
      "calendarType" : "iso8601"
    }
  },
  "hostName" : "A1ML29006",
  "hostIp" : "172.23.98.68",
  "applicationId" : "REG",
  "applicationName" : "REGISTRATION",
  "sessionUserId" : "110006",
  "sessionUserName" : "test",
  "id" : "110006",
  "idType" : "packetUpload",
  "createdBy" : "test",
  "moduleName" : "Packet upload",
  "moduleId" : "REG-MOD-135",
  "description" : "Upload the local packets to the server",
  "uuid" : "56f6e232-53db-404a-810a-123204b6c23c",
  "createdAt" : {
    "month" : "JUNE",
    "year" : 2019,
    "dayOfMonth" : 20,
    "hour" : 9,
    "minute" : 53,
    "monthValue" : 6,
    "nano" : 529000000,
    "second" : 19,
    "dayOfWeek" : "THURSDAY",
    "dayOfYear" : 171,
    "chronology" : {
      "id" : "ISO",
      "calendarType" : "iso8601"
    }
  }
}, {
  "eventId" : "REG-EVT-125",
  "eventName" : "PACKET_RETRIVE",
  "eventType" : "USER",
  "actionTimeStamp" : {
    "month" : "JUNE",
    "year" : 2019,
    "dayOfMonth" : 20,
    "hour" : 4,
    "minute" : 29,
    "monthValue" : 6,
    "nano" : 619000000,
    "second" : 27,
    "dayOfWeek" : "THURSDAY",
    "dayOfYear" : 171,
    "chronology" : {
      "id" : "ISO",
      "calendarType" : "iso8601"
    }
  },
  "hostName" : "A1ML29006",
  "hostIp" : "192.168.43.242",
  "applicationId" : "REG",
  "applicationName" : "REGISTRATION",
  "sessionUserId" : "110006",
  "sessionUserName" : "test",
  "id" : "110006",
  "idType" : "USER_ID",
  "createdBy" : "test",
  "moduleName" : "Packet Retrive for Approval",
  "moduleId" : "REG-MOD-131",
  "description" : "Packets which are in created state for approval are retrived",
  "uuid" : "8fa1a488-efc2-463b-b348-6d70f0e8a087",
  "createdAt" : {
    "month" : "JUNE",
    "year" : 2019,
    "dayOfMonth" : 20,
    "hour" : 9,
    "minute" : 59,
    "monthValue" : 6,
    "nano" : 626000000,
    "second" : 27,
    "dayOfWeek" : "THURSDAY",
    "dayOfYear" : 171,
    "chronology" : {
      "id" : "ISO",
      "calendarType" : "iso8601"
    }
  }
}, {
  "eventId" : "REG-EVT-125",
  "eventName" : "PACKET_RETRIVE",
  "eventType" : "USER",
  "actionTimeStamp" : {
    "month" : "JUNE",
    "year" : 2019,
    "dayOfMonth" : 20,
    "hour" : 4,
    "minute" : 29,
    "monthValue" : 6,
    "nano" : 630000000,
    "second" : 27,
    "dayOfWeek" : "THURSDAY",
    "dayOfYear" : 171,
    "chronology" : {
      "id" : "ISO",
      "calendarType" : "iso8601"
    }
  },
  "hostName" : "A1ML29006",
  "hostIp" : "192.168.43.242",
  "applicationId" : "REG",
  "applicationName" : "REGISTRATION",
  "sessionUserId" : "110006",
  "sessionUserName" : "test",
  "id" : "110006",
  "idType" : "USER_ID",
  "createdBy" : "test",
  "moduleName" : "Packet Retrive for Approval",
  "moduleId" : "REG-MOD-131",
  "description" : "Packets which are in created state for approval are retrived",
  "uuid" : "248b09c1-9354-46ed-9d35-1b3c04a15ada",
  "createdAt" : {
    "month" : "JUNE",
    "year" : 2019,
    "dayOfMonth" : 20,
    "hour" : 9,
    "minute" : 59,
    "monthValue" : 6,
    "nano" : 635000000,
    "second" : 27,
    "dayOfWeek" : "THURSDAY",
    "dayOfYear" : 171,
    "chronology" : {
      "id" : "ISO",
      "calendarType" : "iso8601"
    }
  }
}, {
  "eventId" : "REG-EVT-021",
  "eventName" : "NAV_HOME",
  "eventType" : "SYSTEM",
  "actionTimeStamp" : {
    "month" : "JUNE",
    "year" : 2019,
    "dayOfMonth" : 20,
    "hour" : 4,
    "minute" : 29,
    "monthValue" : 6,
    "nano" : 665000000,
    "second" : 27,
    "dayOfWeek" : "THURSDAY",
    "dayOfYear" : 171,
    "chronology" : {
      "id" : "ISO",
      "calendarType" : "iso8601"
    }
  },
  "hostName" : "A1ML29006",
  "hostIp" : "192.168.43.242",
  "applicationId" : "REG",
  "applicationName" : "REGISTRATION",
  "sessionUserId" : "110006",
  "sessionUserName" : "test",
  "id" : "110006",
  "idType" : "USER_ID",
  "createdBy" : "test",
  "moduleName" : "Navigation",
  "moduleId" : "REG-MOD-102",
  "description" : "Navigation link: Home",
  "uuid" : "d419f592-61f7-4a62-9162-81a02c872309",
  "createdAt" : {
    "month" : "JUNE",
    "year" : 2019,
    "dayOfMonth" : 20,
    "hour" : 9,
    "minute" : 59,
    "monthValue" : 6,
    "nano" : 670000000,
    "second" : 27,
    "dayOfWeek" : "THURSDAY",
    "dayOfYear" : 171,
    "chronology" : {
      "id" : "ISO",
      "calendarType" : "iso8601"
    }
  }
}, {
  "eventId" : "REG-EVT-010",
  "eventName" : "NAV_NEW_REG",
  "eventType" : "USER",
  "actionTimeStamp" : {
    "month" : "JUNE",
    "year" : 2019,
    "dayOfMonth" : 20,
    "hour" : 4,
    "minute" : 29,
    "monthValue" : 6,
    "nano" : 818000000,
    "second" : 28,
    "dayOfWeek" : "THURSDAY",
    "dayOfYear" : 171,
    "chronology" : {
      "id" : "ISO",
      "calendarType" : "iso8601"
    }
  },
  "hostName" : "A1ML29006",
  "hostIp" : "192.168.43.242",
  "applicationId" : "REG",
  "applicationName" : "REGISTRATION",
  "sessionUserId" : "110006",
  "sessionUserName" : "test",
  "id" : "110006",
  "idType" : "USER_ID",
  "createdBy" : "test",
  "moduleName" : "Navigation",
  "moduleId" : "REG-MOD-102",
  "description" : "Click of navigation link: New Registration",
  "uuid" : "7e21f289-0048-45eb-90a4-a5c7a2490d6d",
  "createdAt" : {
    "month" : "JUNE",
    "year" : 2019,
    "dayOfMonth" : 20,
    "hour" : 9,
    "minute" : 59,
    "monthValue" : 6,
    "nano" : 823000000,
    "second" : 28,
    "dayOfWeek" : "THURSDAY",
    "dayOfYear" : 171,
    "chronology" : {
      "id" : "ISO",
      "calendarType" : "iso8601"
    }
  }
}, {
  "eventId" : "REG-EVT-128",
  "eventName" : "PENDING_PKT_COUNT_VALIDATION",
  "eventType" : "USER",
  "actionTimeStamp" : {
    "month" : "JUNE",
    "year" : 2019,
    "dayOfMonth" : 20,
    "hour" : 4,
    "minute" : 29,
    "monthValue" : 6,
    "nano" : 305000000,
    "second" : 29,
    "dayOfWeek" : "THURSDAY",
    "dayOfYear" : 171,
    "chronology" : {
      "id" : "ISO",
      "calendarType" : "iso8601"
    }
  },
  "hostName" : "A1ML29006",
  "hostIp" : "192.168.43.242",
  "applicationId" : "REG",
  "applicationName" : "REGISTRATION",
  "sessionUserId" : "110006",
  "sessionUserName" : "test",
  "id" : "REGISTRATION",
  "idType" : "APPLICATION_ID",
  "createdBy" : "test",
  "moduleName" : "Sync service",
  "moduleId" : "REG-MOD-133",
  "description" : "Validating the Pending packets count",
  "uuid" : "e614375b-3cbe-4b4a-8b69-7685cd8e7804",
  "createdAt" : {
    "month" : "JUNE",
    "year" : 2019,
    "dayOfMonth" : 20,
    "hour" : 9,
    "minute" : 59,
    "monthValue" : 6,
    "nano" : 309000000,
    "second" : 29,
    "dayOfWeek" : "THURSDAY",
    "dayOfYear" : 171,
    "chronology" : {
      "id" : "ISO",
      "calendarType" : "iso8601"
    }
  }
}, {
  "eventId" : "REG-EVT-129",
  "eventName" : "PENDING_PKT_DURATION_VALIDATION",
  "eventType" : "USER",
  "actionTimeStamp" : {
    "month" : "JUNE",
    "year" : 2019,
    "dayOfMonth" : 20,
    "hour" : 4,
    "minute" : 29,
    "monthValue" : 6,
    "nano" : 311000000,
    "second" : 29,
    "dayOfWeek" : "THURSDAY",
    "dayOfYear" : 171,
    "chronology" : {
      "id" : "ISO",
      "calendarType" : "iso8601"
    }
  },
  "hostName" : "A1ML29006",
  "hostIp" : "192.168.43.242",
  "applicationId" : "REG",
  "applicationName" : "REGISTRATION",
  "sessionUserId" : "110006",
  "sessionUserName" : "test",
  "id" : "REGISTRATION",
  "idType" : "APPLICATION_ID",
  "createdBy" : "test",
  "moduleName" : "Sync service",
  "moduleId" : "REG-MOD-133",
  "description" : "Validating the Pending packets Duration",
  "uuid" : "9c086fde-ea83-4cf5-a334-7d39238d1933",
  "createdAt" : {
    "month" : "JUNE",
    "year" : 2019,
    "dayOfMonth" : 20,
    "hour" : 9,
    "minute" : 59,
    "monthValue" : 6,
    "nano" : 316000000,
    "second" : 29,
    "dayOfWeek" : "THURSDAY",
    "dayOfYear" : 171,
    "chronology" : {
      "id" : "ISO",
      "calendarType" : "iso8601"
    }
  }
}, {
  "eventId" : "REG-EVT-122",
  "eventName" : "SYNC_JOB_INFO_FETCH",
  "eventType" : "USER",
  "actionTimeStamp" : {
    "month" : "JUNE",
    "year" : 2019,
    "dayOfMonth" : 20,
    "hour" : 4,
    "minute" : 29,
    "monthValue" : 6,
    "nano" : 324000000,
    "second" : 29,
    "dayOfWeek" : "THURSDAY",
    "dayOfYear" : 171,
    "chronology" : {
      "id" : "ISO",
      "calendarType" : "iso8601"
    }
  },
  "hostName" : "A1ML29006",
  "hostIp" : "192.168.43.242",
  "applicationId" : "REG",
  "applicationName" : "REGISTRATION",
  "sessionUserId" : "110006",
  "sessionUserName" : "test",
  "id" : "110006",
  "idType" : "USER_ID",
  "createdBy" : "test",
  "moduleName" : "Sync service",
  "moduleId" : "REG-MOD-133",
  "description" : "SyncJobInfo containing the sync control list and yet to export packet count fetched successfully",
  "uuid" : "e3638471-0cde-49b0-8dfa-0d17ca156e19",
  "createdAt" : {
    "month" : "JUNE",
    "year" : 2019,
    "dayOfMonth" : 20,
    "hour" : 9,
    "minute" : 59,
    "monthValue" : 6,
    "nano" : 329000000,
    "second" : 29,
    "dayOfWeek" : "THURSDAY",
    "dayOfYear" : 171,
    "chronology" : {
      "id" : "ISO",
      "calendarType" : "iso8601"
    }
  }
}, {
  "eventId" : "REG-EVT-127",
  "eventName" : "SYNC_GEO_VALIDATE",
  "eventType" : "USER",
  "actionTimeStamp" : {
    "month" : "JUNE",
    "year" : 2019,
    "dayOfMonth" : 20,
    "hour" : 4,
    "minute" : 29,
    "monthValue" : 6,
    "nano" : 332000000,
    "second" : 29,
    "dayOfWeek" : "THURSDAY",
    "dayOfYear" : 171,
    "chronology" : {
      "id" : "ISO",
      "calendarType" : "iso8601"
    }
  },
  "hostName" : "A1ML29006",
  "hostIp" : "192.168.43.242",
  "applicationId" : "REG",
  "applicationName" : "REGISTRATION",
  "sessionUserId" : "110006",
  "sessionUserName" : "test",
  "id" : "REGISTRATION",
  "idType" : "APPLICATION_ID",
  "createdBy" : "test",
  "moduleName" : "Sync service",
  "moduleId" : "REG-MOD-133",
  "description" : "Validating the geo information ended successfully",
  "uuid" : "f717840e-9b30-4bef-93ab-21fb2cec4640",
  "createdAt" : {
    "month" : "JUNE",
    "year" : 2019,
    "dayOfMonth" : 20,
    "hour" : 9,
    "minute" : 59,
    "monthValue" : 6,
    "nano" : 337000000,
    "second" : 29,
    "dayOfWeek" : "THURSDAY",
    "dayOfYear" : 171,
    "chronology" : {
      "id" : "ISO",
      "calendarType" : "iso8601"
    }
  }
}, {
  "eventId" : "REG-EVT-123",
  "eventName" : "SYNC_INFO_VALIDATION",
  "eventType" : "USER",
  "actionTimeStamp" : {
    "month" : "JUNE",
    "year" : 2019,
    "dayOfMonth" : 20,
    "hour" : 4,
    "minute" : 29,
    "monthValue" : 6,
    "nano" : 341000000,
    "second" : 29,
    "dayOfWeek" : "THURSDAY",
    "dayOfYear" : 171,
    "chronology" : {
      "id" : "ISO",
      "calendarType" : "iso8601"
    }
  },
  "hostName" : "A1ML29006",
  "hostIp" : "192.168.43.242",
  "applicationId" : "REG",
  "applicationName" : "REGISTRATION",
  "sessionUserId" : "110006",
  "sessionUserName" : "test",
  "id" : "REGISTRATION",
  "idType" : "APPLICATION_ID",
  "createdBy" : "test",
  "moduleName" : "Sync service",
  "moduleId" : "REG-MOD-133",
  "description" : "Validating the sync status ended successfully",
  "uuid" : "d0ef7811-d06f-4aa2-b8fd-ec50de592a21",
  "createdAt" : {
    "month" : "JUNE",
    "year" : 2019,
    "dayOfMonth" : 20,
    "hour" : 9,
    "minute" : 59,
    "monthValue" : 6,
    "nano" : 346000000,
    "second" : 29,
    "dayOfWeek" : "THURSDAY",
    "dayOfYear" : 171,
    "chronology" : {
      "id" : "ISO",
      "calendarType" : "iso8601"
    }
  }
}, {
  "eventId" : "REG-EVT-139",
  "eventName" : "SAVE_DETAIL_TO_DTO",
  "eventType" : "USER",
  "actionTimeStamp" : {
    "month" : "JUNE",
    "year" : 2019,
    "dayOfMonth" : 20,
    "hour" : 4,
    "minute" : 31,
    "monthValue" : 6,
    "nano" : 419000000,
    "second" : 6,
    "dayOfWeek" : "THURSDAY",
    "dayOfYear" : 171,
    "chronology" : {
      "id" : "ISO",
      "calendarType" : "iso8601"
    }
  },
  "hostName" : "A1ML29006",
  "hostIp" : "192.168.43.242",
  "applicationId" : "REG",
  "applicationName" : "REGISTRATION",
  "sessionUserId" : "110006",
  "sessionUserName" : "test",
  "id" : "110006",
  "idType" : "UserID",
  "createdBy" : "test",
  "moduleName" : "Registration initialization",
  "moduleId" : "REG-MOD-140",
  "description" : "Saving the details to DTO",
  "uuid" : "e52a0d3a-3628-4bd3-8436-68056033e25e",
  "createdAt" : {
    "month" : "JUNE",
    "year" : 2019,
    "dayOfMonth" : 20,
    "hour" : 10,
    "minute" : 1,
    "monthValue" : 6,
    "nano" : 434000000,
    "second" : 6,
    "dayOfWeek" : "THURSDAY",
    "dayOfYear" : 171,
    "chronology" : {
      "id" : "ISO",
      "calendarType" : "iso8601"
    }
  }
}, {
  "eventId" : "REG-EVT-025",
  "eventName" : "REG_DEMO_NEXT",
  "eventType" : "USER",
  "actionTimeStamp" : {
    "month" : "JUNE",
    "year" : 2019,
    "dayOfMonth" : 20,
    "hour" : 4,
    "minute" : 31,
    "monthValue" : 6,
    "nano" : 478000000,
    "second" : 6,
    "dayOfWeek" : "THURSDAY",
    "dayOfYear" : 171,
    "chronology" : {
      "id" : "ISO",
      "calendarType" : "iso8601"
    }
  },
  "hostName" : "A1ML29006",
  "hostIp" : "192.168.43.242",
  "applicationId" : "REG",
  "applicationName" : "REGISTRATION",
  "sessionUserId" : "110006",
  "sessionUserName" : "test",
  "id" : "110006",
  "idType" : "USER_ID",
  "createdBy" : "test",
  "moduleName" : "Registration: DemographicsDetails",
  "moduleId" : "REG-MOD-103",
  "description" : "Click of Next after capturing demographic details",
  "uuid" : "b63cbdf6-2b9d-4bec-9aa4-e6874da8ca60",
  "createdAt" : {
    "month" : "JUNE",
    "year" : 2019,
    "dayOfMonth" : 20,
    "hour" : 10,
    "minute" : 1,
    "monthValue" : 6,
    "nano" : 488000000,
    "second" : 6,
    "dayOfWeek" : "THURSDAY",
    "dayOfYear" : 171,
    "chronology" : {
      "id" : "ISO",
      "calendarType" : "iso8601"
    }
  }
}, {
  "eventId" : "REG-EVT-026",
  "eventName" : "REG_DOC_POA_SCAN",
  "eventType" : "USER",
  "actionTimeStamp" : {
    "month" : "JUNE",
    "year" : 2019,
    "dayOfMonth" : 20,
    "hour" : 4,
    "minute" : 31,
    "monthValue" : 6,
    "nano" : 258000000,
    "second" : 11,
    "dayOfWeek" : "THURSDAY",
    "dayOfYear" : 171,
    "chronology" : {
      "id" : "ISO",
      "calendarType" : "iso8601"
    }
  },
  "hostName" : "A1ML29006",
  "hostIp" : "192.168.43.242",
  "applicationId" : "REG",
  "applicationName" : "REGISTRATION",
  "sessionUserId" : "110006",
  "sessionUserName" : "test",
  "id" : "110006",
  "idType" : "USER_ID",
  "createdBy" : "test",
  "moduleName" : "Registration: Documents",
  "moduleId" : "REG-MOD-104",
  "description" : "PoA: Click of Scan",
  "uuid" : "1c5a541d-9520-462f-978b-e6a320a85e7d",
  "createdAt" : {
    "month" : "JUNE",
    "year" : 2019,
    "dayOfMonth" : 20,
    "hour" : 10,
    "minute" : 1,
    "monthValue" : 6,
    "nano" : 266000000,
    "second" : 11,
    "dayOfWeek" : "THURSDAY",
    "dayOfYear" : 171,
    "chronology" : {
      "id" : "ISO",
      "calendarType" : "iso8601"
    }
  }
}, {
  "eventId" : "REG-EVT-029",
  "eventName" : "REG_DOC_POI_SCAN",
  "eventType" : "USER",
  "actionTimeStamp" : {
    "month" : "JUNE",
    "year" : 2019,
    "dayOfMonth" : 20,
    "hour" : 4,
    "minute" : 31,
    "monthValue" : 6,
    "nano" : 42000000,
    "second" : 13,
    "dayOfWeek" : "THURSDAY",
    "dayOfYear" : 171,
    "chronology" : {
      "id" : "ISO",
      "calendarType" : "iso8601"
    }
  },
  "hostName" : "A1ML29006",
  "hostIp" : "192.168.43.242",
  "applicationId" : "REG",
  "applicationName" : "REGISTRATION",
  "sessionUserId" : "110006",
  "sessionUserName" : "test",
  "id" : "110006",
  "idType" : "USER_ID",
  "createdBy" : "test",
  "moduleName" : "Registration: Documents",
  "moduleId" : "REG-MOD-104",
  "description" : "PoI: Click of Scan",
  "uuid" : "eafbbd15-fc6a-4df4-b306-f8b9241384bc",
  "createdAt" : {
    "month" : "JUNE",
    "year" : 2019,
    "dayOfMonth" : 20,
    "hour" : 10,
    "minute" : 1,
    "monthValue" : 6,
    "nano" : 48000000,
    "second" : 13,
    "dayOfWeek" : "THURSDAY",
    "dayOfYear" : 171,
    "chronology" : {
      "id" : "ISO",
      "calendarType" : "iso8601"
    }
  }
}, {
  "eventId" : "REG-EVT-032",
  "eventName" : "REG_DOC_POR_SCAN",
  "eventType" : "USER",
  "actionTimeStamp" : {
    "month" : "JUNE",
    "year" : 2019,
    "dayOfMonth" : 20,
    "hour" : 4,
    "minute" : 31,
    "monthValue" : 6,
    "nano" : 778000000,
    "second" : 14,
    "dayOfWeek" : "THURSDAY",
    "dayOfYear" : 171,
    "chronology" : {
      "id" : "ISO",
      "calendarType" : "iso8601"
    }
  },
  "hostName" : "A1ML29006",
  "hostIp" : "192.168.43.242",
  "applicationId" : "REG",
  "applicationName" : "REGISTRATION",
  "sessionUserId" : "110006",
  "sessionUserName" : "test",
  "id" : "110006",
  "idType" : "USER_ID",
  "createdBy" : "test",
  "moduleName" : "Registration: Documents",
  "moduleId" : "REG-MOD-104",
  "description" : "PoR: Click of Scan",
  "uuid" : "68daebbe-ee37-4cac-a991-6a3b0eb6d6b6",
  "createdAt" : {
    "month" : "JUNE",
    "year" : 2019,
    "dayOfMonth" : 20,
    "hour" : 10,
    "minute" : 1,
    "monthValue" : 6,
    "nano" : 788000000,
    "second" : 14,
    "dayOfWeek" : "THURSDAY",
    "dayOfYear" : 171,
    "chronology" : {
      "id" : "ISO",
      "calendarType" : "iso8601"
    }
  }
}, {
  "eventId" : "REG-EVT-038",
  "eventName" : "REG_DOC_NEXT",
  "eventType" : "USER",
  "actionTimeStamp" : {
    "month" : "JUNE",
    "year" : 2019,
    "dayOfMonth" : 20,
    "hour" : 4,
    "minute" : 31,
    "monthValue" : 6,
    "nano" : 41000000,
    "second" : 17,
    "dayOfWeek" : "THURSDAY",
    "dayOfYear" : 171,
    "chronology" : {
      "id" : "ISO",
      "calendarType" : "iso8601"
    }
  },
  "hostName" : "A1ML29006",
  "hostIp" : "192.168.43.242",
  "applicationId" : "REG",
  "applicationName" : "REGISTRATION",
  "sessionUserId" : "110006",
  "sessionUserName" : "test",
  "id" : "110006",
  "idType" : "USER_ID",
  "createdBy" : "test",
  "moduleName" : "Registration: Documents",
  "moduleId" : "REG-MOD-104",
  "description" : "Click of Next after uploading documents",
  "uuid" : "54810de4-8572-4324-b472-8c7361103396",
  "createdAt" : {
    "month" : "JUNE",
    "year" : 2019,
    "dayOfMonth" : 20,
    "hour" : 10,
    "minute" : 1,
    "monthValue" : 6,
    "nano" : 46000000,
    "second" : 17,
    "dayOfWeek" : "THURSDAY",
    "dayOfYear" : 171,
    "chronology" : {
      "id" : "ISO",
      "calendarType" : "iso8601"
    }
  }
}, {
  "eventId" : "REG-EVT-043",
  "eventName" : "REG_BIO_LEFT_SLAP_SCAN",
  "eventType" : "USER",
  "actionTimeStamp" : {
    "month" : "JUNE",
    "year" : 2019,
    "dayOfMonth" : 20,
    "hour" : 4,
    "minute" : 31,
    "monthValue" : 6,
    "nano" : 490000000,
    "second" : 18,
    "dayOfWeek" : "THURSDAY",
    "dayOfYear" : 171,
    "chronology" : {
      "id" : "ISO",
      "calendarType" : "iso8601"
    }
  },
  "hostName" : "A1ML29006",
  "hostIp" : "192.168.43.242",
  "applicationId" : "REG",
  "applicationName" : "REGISTRATION",
  "sessionUserId" : "110006",
  "sessionUserName" : "test",
  "id" : "110006",
  "idType" : "USER_ID",
  "createdBy" : "test",
  "moduleName" : "Registration: Biometrics",
  "moduleId" : "REG-MOD-105",
  "description" : "Fingerprints: Scan of left slap",
  "uuid" : "71acacdf-5396-4002-9df6-69ae176f67ee",
  "createdAt" : {
    "month" : "JUNE",
    "year" : 2019,
    "dayOfMonth" : 20,
    "hour" : 10,
    "minute" : 1,
    "monthValue" : 6,
    "nano" : 495000000,
    "second" : 18,
    "dayOfWeek" : "THURSDAY",
    "dayOfYear" : 171,
    "chronology" : {
      "id" : "ISO",
      "calendarType" : "iso8601"
    }
  }
}, {
  "eventId" : "REG-EVT-044",
  "eventName" : "REG_BIO_RIGHT_SLAP_SCAN",
  "eventType" : "USER",
  "actionTimeStamp" : {
    "month" : "JUNE",
    "year" : 2019,
    "dayOfMonth" : 20,
    "hour" : 4,
    "minute" : 31,
    "monthValue" : 6,
    "nano" : 890000000,
    "second" : 20,
    "dayOfWeek" : "THURSDAY",
    "dayOfYear" : 171,
    "chronology" : {
      "id" : "ISO",
      "calendarType" : "iso8601"
    }
  },
  "hostName" : "A1ML29006",
  "hostIp" : "192.168.43.242",
  "applicationId" : "REG",
  "applicationName" : "REGISTRATION",
  "sessionUserId" : "110006",
  "sessionUserName" : "test",
  "id" : "110006",
  "idType" : "USER_ID",
  "createdBy" : "test",
  "moduleName" : "Registration: Biometrics",
  "moduleId" : "REG-MOD-105",
  "description" : "Fingerprints: Scan of right slap",
  "uuid" : "3b9f6387-0b88-4d82-8b8e-711226132b24",
  "createdAt" : {
    "month" : "JUNE",
    "year" : 2019,
    "dayOfMonth" : 20,
    "hour" : 10,
    "minute" : 1,
    "monthValue" : 6,
    "nano" : 896000000,
    "second" : 20,
    "dayOfWeek" : "THURSDAY",
    "dayOfYear" : 171,
    "chronology" : {
      "id" : "ISO",
      "calendarType" : "iso8601"
    }
  }
}, {
  "eventId" : "REG-EVT-045",
  "eventName" : "REG_BIO_THUMBS_SCAN",
  "eventType" : "USER",
  "actionTimeStamp" : {
    "month" : "JUNE",
    "year" : 2019,
    "dayOfMonth" : 20,
    "hour" : 4,
    "minute" : 31,
    "monthValue" : 6,
    "nano" : 411000000,
    "second" : 26,
    "dayOfWeek" : "THURSDAY",
    "dayOfYear" : 171,
    "chronology" : {
      "id" : "ISO",
      "calendarType" : "iso8601"
    }
  },
  "hostName" : "A1ML29006",
  "hostIp" : "192.168.43.242",
  "applicationId" : "REG",
  "applicationName" : "REGISTRATION",
  "sessionUserId" : "110006",
  "sessionUserName" : "test",
  "id" : "110006",
  "idType" : "USER_ID",
  "createdBy" : "test",
  "moduleName" : "Registration: Biometrics",
  "moduleId" : "REG-MOD-105",
  "description" : "Fingerprints: Scan of thumbs",
  "uuid" : "9893f4e1-b334-46ca-9df0-1d070b358669",
  "createdAt" : {
    "month" : "JUNE",
    "year" : 2019,
    "dayOfMonth" : 20,
    "hour" : 10,
    "minute" : 1,
    "monthValue" : 6,
    "nano" : 421000000,
    "second" : 26,
    "dayOfWeek" : "THURSDAY",
    "dayOfYear" : 171,
    "chronology" : {
      "id" : "ISO",
      "calendarType" : "iso8601"
    }
  }
}, {
  "eventId" : "REG-EVT-046",
  "eventName" : "REG_BIO_FINGERPRINT_NEXT",
  "eventType" : "USER",
  "actionTimeStamp" : {
    "month" : "JUNE",
    "year" : 2019,
    "dayOfMonth" : 20,
    "hour" : 4,
    "minute" : 31,
    "monthValue" : 6,
    "nano" : 899000000,
    "second" : 28,
    "dayOfWeek" : "THURSDAY",
    "dayOfYear" : 171,
    "chronology" : {
      "id" : "ISO",
      "calendarType" : "iso8601"
    }
  },
  "hostName" : "A1ML29006",
  "hostIp" : "192.168.43.242",
  "applicationId" : "REG",
  "applicationName" : "REGISTRATION",
  "sessionUserId" : "110006",
  "sessionUserName" : "test",
  "id" : "110006",
  "idType" : "USER_ID",
  "createdBy" : "test",
  "moduleName" : "Registration: Biometrics",
  "moduleId" : "REG-MOD-105",
  "description" : "Click of Next after capturing fingerprints",
  "uuid" : "b7ac38f2-38da-431f-be00-2d1ba0390b4f",
  "createdAt" : {
    "month" : "JUNE",
    "year" : 2019,
    "dayOfMonth" : 20,
    "hour" : 10,
    "minute" : 1,
    "monthValue" : 6,
    "nano" : 904000000,
    "second" : 28,
    "dayOfWeek" : "THURSDAY",
    "dayOfYear" : 171,
    "chronology" : {
      "id" : "ISO",
      "calendarType" : "iso8601"
    }
  }
}, {
  "eventId" : "REG-EVT-048",
  "eventName" : "REG_BIO_IRIS_SCAN",
  "eventType" : "USER",
  "actionTimeStamp" : {
    "month" : "JUNE",
    "year" : 2019,
    "dayOfMonth" : 20,
    "hour" : 4,
    "minute" : 31,
    "monthValue" : 6,
    "nano" : 291000000,
    "second" : 30,
    "dayOfWeek" : "THURSDAY",
    "dayOfYear" : 171,
    "chronology" : {
      "id" : "ISO",
      "calendarType" : "iso8601"
    }
  },
  "hostName" : "A1ML29006",
  "hostIp" : "192.168.43.242",
  "applicationId" : "REG",
  "applicationName" : "REGISTRATION",
  "sessionUserId" : "110006",
  "sessionUserName" : "test",
  "id" : "110006",
  "idType" : "USER_ID",
  "createdBy" : "test",
  "moduleName" : "Registration: Biometrics",
  "moduleId" : "REG-MOD-105",
  "description" : "Iris: Scan of left iris",
  "uuid" : "e14055c1-2ddc-4aa5-9348-1fa8b358ab3f",
  "createdAt" : {
    "month" : "JUNE",
    "year" : 2019,
    "dayOfMonth" : 20,
    "hour" : 10,
    "minute" : 1,
    "monthValue" : 6,
    "nano" : 302000000,
    "second" : 30,
    "dayOfWeek" : "THURSDAY",
    "dayOfYear" : 171,
    "chronology" : {
      "id" : "ISO",
      "calendarType" : "iso8601"
    }
  }
}, {
  "eventId" : "REG-EVT-143",
  "eventName" : "REG_BIO_IRIS_SCAN",
  "eventType" : "USER",
  "actionTimeStamp" : {
    "month" : "JUNE",
    "year" : 2019,
    "dayOfMonth" : 20,
    "hour" : 4,
    "minute" : 31,
    "monthValue" : 6,
    "nano" : 492000000,
    "second" : 32,
    "dayOfWeek" : "THURSDAY",
    "dayOfYear" : 171,
    "chronology" : {
      "id" : "ISO",
      "calendarType" : "iso8601"
    }
  },
  "hostName" : "A1ML29006",
  "hostIp" : "192.168.43.242",
  "applicationId" : "REG",
  "applicationName" : "REGISTRATION",
  "sessionUserId" : "110006",
  "sessionUserName" : "test",
  "id" : "110006",
  "idType" : "USER_ID",
  "createdBy" : "test",
  "moduleName" : "Registration: Biometrics",
  "moduleId" : "REG-MOD-105",
  "description" : "Iris: Scan of right iris",
  "uuid" : "36b8cf06-de64-4f03-8b41-a11de591e144",
  "createdAt" : {
    "month" : "JUNE",
    "year" : 2019,
    "dayOfMonth" : 20,
    "hour" : 10,
    "minute" : 1,
    "monthValue" : 6,
    "nano" : 501000000,
    "second" : 32,
    "dayOfWeek" : "THURSDAY",
    "dayOfYear" : 171,
    "chronology" : {
      "id" : "ISO",
      "calendarType" : "iso8601"
    }
  }
}, {
  "eventId" : "REG-EVT-049",
  "eventName" : "REG_BIO_IRIS_NEXT",
  "eventType" : "USER",
  "actionTimeStamp" : {
    "month" : "JUNE",
    "year" : 2019,
    "dayOfMonth" : 20,
    "hour" : 4,
    "minute" : 31,
    "monthValue" : 6,
    "nano" : 338000000,
    "second" : 34,
    "dayOfWeek" : "THURSDAY",
    "dayOfYear" : 171,
    "chronology" : {
      "id" : "ISO",
      "calendarType" : "iso8601"
    }
  },
  "hostName" : "A1ML29006",
  "hostIp" : "192.168.43.242",
  "applicationId" : "REG",
  "applicationName" : "REGISTRATION",
  "sessionUserId" : "110006",
  "sessionUserName" : "test",
  "id" : "110006",
  "idType" : "USER_ID",
  "createdBy" : "test",
  "moduleName" : "Registration: Biometrics",
  "moduleId" : "REG-MOD-105",
  "description" : "Click of Next after capturing irises",
  "uuid" : "80a68657-1537-4c1d-aba4-f0f2b5f7063a",
  "createdAt" : {
    "month" : "JUNE",
    "year" : 2019,
    "dayOfMonth" : 20,
    "hour" : 10,
    "minute" : 1,
    "monthValue" : 6,
    "nano" : 347000000,
    "second" : 34,
    "dayOfWeek" : "THURSDAY",
    "dayOfYear" : 171,
    "chronology" : {
      "id" : "ISO",
      "calendarType" : "iso8601"
    }
  }
}, {
  "eventId" : "REG-EVT-051",
  "eventName" : "REG_BIO_FACE_CAPTURE",
  "eventType" : "USER",
  "actionTimeStamp" : {
    "month" : "JUNE",
    "year" : 2019,
    "dayOfMonth" : 20,
    "hour" : 4,
    "minute" : 31,
    "monthValue" : 6,
    "nano" : 706000000,
    "second" : 35,
    "dayOfWeek" : "THURSDAY",
    "dayOfYear" : 171,
    "chronology" : {
      "id" : "ISO",
      "calendarType" : "iso8601"
    }
  },
  "hostName" : "A1ML29006",
  "hostIp" : "192.168.43.242",
  "applicationId" : "REG",
  "applicationName" : "REGISTRATION",
  "sessionUserId" : "110006",
  "sessionUserName" : "test",
  "id" : "110006",
  "idType" : "USER_ID",
  "createdBy" : "test",
  "moduleName" : "Registration: Biometrics",
  "moduleId" : "REG-MOD-105",
  "description" : "Photo: Face capture",
  "uuid" : "2e4a4a38-1396-4e4b-a669-58a3ef4d99a2",
  "createdAt" : {
    "month" : "JUNE",
    "year" : 2019,
    "dayOfMonth" : 20,
    "hour" : 10,
    "minute" : 1,
    "monthValue" : 6,
    "nano" : 714000000,
    "second" : 35,
    "dayOfWeek" : "THURSDAY",
    "dayOfYear" : 171,
    "chronology" : {
      "id" : "ISO",
      "calendarType" : "iso8601"
    }
  }
}, {
  "eventId" : "REG-EVT-052",
  "eventName" : "REG_BIO_FACE_CAPTURE_NEXT",
  "eventType" : "USER",
  "actionTimeStamp" : {
    "month" : "JUNE",
    "year" : 2019,
    "dayOfMonth" : 20,
    "hour" : 4,
    "minute" : 31,
    "monthValue" : 6,
    "nano" : 482000000,
    "second" : 47,
    "dayOfWeek" : "THURSDAY",
    "dayOfYear" : 171,
    "chronology" : {
      "id" : "ISO",
      "calendarType" : "iso8601"
    }
  },
  "hostName" : "A1ML29006",
  "hostIp" : "192.168.43.242",
  "applicationId" : "REG",
  "applicationName" : "REGISTRATION",
  "sessionUserId" : "110006",
  "sessionUserName" : "test",
  "id" : "110006",
  "idType" : "USER_ID",
  "createdBy" : "test",
  "moduleName" : "Registration: Biometrics",
  "moduleId" : "REG-MOD-105",
  "description" : "Click of Next after capturing face photo",
  "uuid" : "88c1363f-8654-4c50-aff0-1193cd20ceca",
  "createdAt" : {
    "month" : "JUNE",
    "year" : 2019,
    "dayOfMonth" : 20,
    "hour" : 10,
    "minute" : 1,
    "monthValue" : 6,
    "nano" : 489000000,
    "second" : 47,
    "dayOfWeek" : "THURSDAY",
    "dayOfYear" : 171,
    "chronology" : {
      "id" : "ISO",
      "calendarType" : "iso8601"
    }
  }
}, {
  "eventId" : "REG-EVT-139",
  "eventName" : "SAVE_DETAIL_TO_DTO",
  "eventType" : "USER",
  "actionTimeStamp" : {
    "month" : "JUNE",
    "year" : 2019,
    "dayOfMonth" : 20,
    "hour" : 4,
    "minute" : 31,
    "monthValue" : 6,
    "nano" : 959000000,
    "second" : 47,
    "dayOfWeek" : "THURSDAY",
    "dayOfYear" : 171,
    "chronology" : {
      "id" : "ISO",
      "calendarType" : "iso8601"
    }
  },
  "hostName" : "A1ML29006",
  "hostIp" : "192.168.43.242",
  "applicationId" : "REG",
  "applicationName" : "REGISTRATION",
  "sessionUserId" : "110006",
  "sessionUserName" : "test",
  "id" : "110006",
  "idType" : "UserID",
  "createdBy" : "test",
  "moduleName" : "Registration initialization",
  "moduleId" : "REG-MOD-140",
  "description" : "Saving the details to DTO",
  "uuid" : "f381ef8d-d650-4c80-a7ea-c618495d5edb",
  "createdAt" : {
    "month" : "JUNE",
    "year" : 2019,
    "dayOfMonth" : 20,
    "hour" : 10,
    "minute" : 1,
    "monthValue" : 6,
    "nano" : 964000000,
    "second" : 47,
    "dayOfWeek" : "THURSDAY",
    "dayOfYear" : 171,
    "chronology" : {
      "id" : "ISO",
      "calendarType" : "iso8601"
    }
  }
}, {
  "eventId" : "REG-EVT-057",
  "eventName" : "REG_PREVIEW_SUBMIT",
  "eventType" : "USER",
  "actionTimeStamp" : {
    "month" : "JUNE",
    "year" : 2019,
    "dayOfMonth" : 20,
    "hour" : 4,
    "minute" : 31,
    "monthValue" : 6,
    "nano" : 354000000,
    "second" : 53,
    "dayOfWeek" : "THURSDAY",
    "dayOfYear" : 171,
    "chronology" : {
      "id" : "ISO",
      "calendarType" : "iso8601"
    }
  },
  "hostName" : "A1ML29006",
  "hostIp" : "192.168.43.242",
  "applicationId" : "REG",
  "applicationName" : "REGISTRATION",
  "sessionUserId" : "110006",
  "sessionUserName" : "test",
  "id" : "110006",
  "idType" : "USER_ID",
  "createdBy" : "test",
  "moduleName" : "Registration: Preview",
  "moduleId" : "REG-MOD-106",
  "description" : "Submit",
  "uuid" : "606801bc-f2bf-4ce4-b832-edd55ed657d3",
  "createdAt" : {
    "month" : "JUNE",
    "year" : 2019,
    "dayOfMonth" : 20,
    "hour" : 10,
    "minute" : 1,
    "monthValue" : 6,
    "nano" : 360000000,
    "second" : 53,
    "dayOfWeek" : "THURSDAY",
    "dayOfYear" : 171,
    "chronology" : {
      "id" : "ISO",
      "calendarType" : "iso8601"
    }
  }
}, {
  "eventId" : "REG-EVT-114",
  "eventName" : "LOGIN_MODES_FETCH",
  "eventType" : "USER",
  "actionTimeStamp" : {
    "month" : "JUNE",
    "year" : 2019,
    "dayOfMonth" : 20,
    "hour" : 4,
    "minute" : 31,
    "monthValue" : 6,
    "nano" : 369000000,
    "second" : 53,
    "dayOfWeek" : "THURSDAY",
    "dayOfYear" : 171,
    "chronology" : {
      "id" : "ISO",
      "calendarType" : "iso8601"
    }
  },
  "hostName" : "A1ML29006",
  "hostIp" : "192.168.43.242",
  "applicationId" : "REG",
  "applicationName" : "REGISTRATION",
  "sessionUserId" : "110006",
  "sessionUserName" : "test",
  "id" : "REGISTRATION",
  "idType" : "APPLICATION_ID",
  "createdBy" : "test",
  "moduleName" : "Login Modes",
  "moduleId" : "REG-MOD-123",
  "description" : "Fetching Login Modes",
  "uuid" : "e9997aca-6b4c-4d5c-b524-f37ecd2df067",
  "createdAt" : {
    "month" : "JUNE",
    "year" : 2019,
    "dayOfMonth" : 20,
    "hour" : 10,
    "minute" : 1,
    "monthValue" : 6,
    "nano" : 375000000,
    "second" : 53,
    "dayOfWeek" : "THURSDAY",
    "dayOfYear" : 171,
    "chronology" : {
      "id" : "ISO",
      "calendarType" : "iso8601"
    }
  }
}, {
  "eventId" : "REG-EVT-114",
  "eventName" : "LOGIN_MODES_FETCH",
  "eventType" : "USER",
  "actionTimeStamp" : {
    "month" : "JUNE",
    "year" : 2019,
    "dayOfMonth" : 20,
    "hour" : 4,
    "minute" : 31,
    "monthValue" : 6,
    "nano" : 380000000,
    "second" : 53,
    "dayOfWeek" : "THURSDAY",
    "dayOfYear" : 171,
    "chronology" : {
      "id" : "ISO",
      "calendarType" : "iso8601"
    }
  },
  "hostName" : "A1ML29006",
  "hostIp" : "192.168.43.242",
  "applicationId" : "REG",
  "applicationName" : "REGISTRATION",
  "sessionUserId" : "110006",
  "sessionUserName" : "test",
  "id" : "REGISTRATION",
  "idType" : "APPLICATION_ID",
  "createdBy" : "test",
  "moduleName" : "Login Modes",
  "moduleId" : "REG-MOD-123",
  "description" : "Fetching Login Modes",
  "uuid" : "cf6b06f4-c95d-40d9-b8de-892659e2dfd2",
  "createdAt" : {
    "month" : "JUNE",
    "year" : 2019,
    "dayOfMonth" : 20,
    "hour" : 10,
    "minute" : 1,
    "monthValue" : 6,
    "nano" : 386000000,
    "second" : 53,
    "dayOfWeek" : "THURSDAY",
    "dayOfYear" : 171,
    "chronology" : {
      "id" : "ISO",
      "calendarType" : "iso8601"
    }
  }
}, {
  "eventId" : "REG-EVT-114",
  "eventName" : "LOGIN_MODES_FETCH",
  "eventType" : "USER",
  "actionTimeStamp" : {
    "month" : "JUNE",
    "year" : 2019,
    "dayOfMonth" : 20,
    "hour" : 4,
    "minute" : 31,
    "monthValue" : 6,
    "nano" : 390000000,
    "second" : 53,
    "dayOfWeek" : "THURSDAY",
    "dayOfYear" : 171,
    "chronology" : {
      "id" : "ISO",
      "calendarType" : "iso8601"
    }
  },
  "hostName" : "A1ML29006",
  "hostIp" : "192.168.43.242",
  "applicationId" : "REG",
  "applicationName" : "REGISTRATION",
  "sessionUserId" : "110006",
  "sessionUserName" : "test",
  "id" : "REGISTRATION",
  "idType" : "APPLICATION_ID",
  "createdBy" : "test",
  "moduleName" : "Login Modes",
  "moduleId" : "REG-MOD-123",
  "description" : "Fetching Login Modes",
  "uuid" : "dd128e9b-5ae5-4d22-961b-483bc6b43d7b",
  "createdAt" : {
    "month" : "JUNE",
    "year" : 2019,
    "dayOfMonth" : 20,
    "hour" : 10,
    "minute" : 1,
    "monthValue" : 6,
    "nano" : 396000000,
    "second" : 53,
    "dayOfWeek" : "THURSDAY",
    "dayOfYear" : 171,
    "chronology" : {
      "id" : "ISO",
      "calendarType" : "iso8601"
    }
  }
}, {
  "eventId" : "REG-EVT-058",
  "eventName" : "REG_OPERATOR_AUTH_PASSWORD",
  "eventType" : "USER",
  "actionTimeStamp" : {
    "month" : "JUNE",
    "year" : 2019,
    "dayOfMonth" : 20,
    "hour" : 4,
    "minute" : 31,
    "monthValue" : 6,
    "nano" : 962000000,
    "second" : 56,
    "dayOfWeek" : "THURSDAY",
    "dayOfYear" : 171,
    "chronology" : {
      "id" : "ISO",
      "calendarType" : "iso8601"
    }
  },
  "hostName" : "A1ML29006",
  "hostIp" : "192.168.43.242",
  "applicationId" : "REG",
  "applicationName" : "REGISTRATION",
  "sessionUserId" : "110006",
  "sessionUserName" : "test",
  "id" : "110006",
  "idType" : "USER_ID",
  "createdBy" : "test",
  "moduleName" : "Registration: OS Authentication",
  "moduleId" : "REG-MOD-107",
  "description" : "Operator authentication with password: Click of Submit",
  "uuid" : "62615d6a-f7c2-454f-8fdc-d6fab003bb55",
  "createdAt" : {
    "month" : "JUNE",
    "year" : 2019,
    "dayOfMonth" : 20,
    "hour" : 10,
    "minute" : 1,
    "monthValue" : 6,
    "nano" : 966000000,
    "second" : 56,
    "dayOfWeek" : "THURSDAY",
    "dayOfYear" : 171,
    "chronology" : {
      "id" : "ISO",
      "calendarType" : "iso8601"
    }
  }
}, {
  "eventId" : "REG-EVT-117",
  "eventName" : "FETCH_USER_DETAILS",
  "eventType" : "USER",
  "actionTimeStamp" : {
    "month" : "JUNE",
    "year" : 2019,
    "dayOfMonth" : 20,
    "hour" : 4,
    "minute" : 31,
    "monthValue" : 6,
    "nano" : 969000000,
    "second" : 56,
    "dayOfWeek" : "THURSDAY",
    "dayOfYear" : 171,
    "chronology" : {
      "id" : "ISO",
      "calendarType" : "iso8601"
    }
  },
  "hostName" : "A1ML29006",
  "hostIp" : "192.168.43.242",
  "applicationId" : "REG",
  "applicationName" : "REGISTRATION",
  "sessionUserId" : "110006",
  "sessionUserName" : "test",
  "id" : "REGISTRATION",
  "idType" : "APPLICATION_ID",
  "createdBy" : "test",
  "moduleName" : "User Detail",
  "moduleId" : "REG-MOD-126",
  "description" : "Fetching User Details",
  "uuid" : "c07906ec-d3c9-4172-94c4-d4e20d17e9f2",
  "createdAt" : {
    "month" : "JUNE",
    "year" : 2019,
    "dayOfMonth" : 20,
    "hour" : 10,
    "minute" : 1,
    "monthValue" : 6,
    "nano" : 975000000,
    "second" : 56,
    "dayOfWeek" : "THURSDAY",
    "dayOfYear" : 171,
    "chronology" : {
      "id" : "ISO",
      "calendarType" : "iso8601"
    }
  }
}, {
  "eventId" : "REG-EVT-117",
  "eventName" : "FETCH_USER_DETAILS",
  "eventType" : "USER",
  "actionTimeStamp" : {
    "month" : "JUNE",
    "year" : 2019,
    "dayOfMonth" : 20,
    "hour" : 4,
    "minute" : 31,
    "monthValue" : 6,
    "nano" : 84000000,
    "second" : 57,
    "dayOfWeek" : "THURSDAY",
    "dayOfYear" : 171,
    "chronology" : {
      "id" : "ISO",
      "calendarType" : "iso8601"
    }
  },
  "hostName" : "A1ML29006",
  "hostIp" : "192.168.43.242",
  "applicationId" : "REG",
  "applicationName" : "REGISTRATION",
  "sessionUserId" : "110006",
  "sessionUserName" : "test",
  "id" : "REGISTRATION",
  "idType" : "APPLICATION_ID",
  "createdBy" : "test",
  "moduleName" : "User Detail",
  "moduleId" : "REG-MOD-126",
  "description" : "Fetching User Details",
  "uuid" : "4156174c-b1c5-4047-a205-6b0362f6b713",
  "createdAt" : {
    "month" : "JUNE",
    "year" : 2019,
    "dayOfMonth" : 20,
    "hour" : 10,
    "minute" : 1,
    "monthValue" : 6,
    "nano" : 126000000,
    "second" : 57,
    "dayOfWeek" : "THURSDAY",
    "dayOfYear" : 171,
    "chronology" : {
      "id" : "ISO",
      "calendarType" : "iso8601"
    }
  }
}, {
  "eventId" : "REG-EVT-109",
  "eventName" : "PACKET_HMAC_FILE_CREATED",
  "eventType" : "USER",
  "actionTimeStamp" : {
    "month" : "JUNE",
    "year" : 2019,
    "dayOfMonth" : 20,
    "hour" : 4,
    "minute" : 31,
    "monthValue" : 6,
    "nano" : 238000000,
    "second" : 57,
    "dayOfWeek" : "THURSDAY",
    "dayOfYear" : 171,
    "chronology" : {
      "id" : "ISO",
      "calendarType" : "iso8601"
    }
  },
  "hostName" : "A1ML29006",
  "hostIp" : "192.168.43.242",
  "applicationId" : "REG",
  "applicationName" : "REGISTRATION",
  "sessionUserId" : "110006",
  "sessionUserName" : "test",
  "id" : "10006100060000720190620042928",
  "idType" : "REGISTRATION_ID",
  "createdBy" : "test",
  "moduleName" : "Packet Creator",
  "moduleId" : "REG-MOD-119",
  "description" : "Packet HMAC File created successfully",
  "uuid" : "39b66d66-821e-4182-830e-ee0b88773119",
  "createdAt" : {
    "month" : "JUNE",
    "year" : 2019,
    "dayOfMonth" : 20,
    "hour" : 10,
    "minute" : 1,
    "monthValue" : 6,
    "nano" : 245000000,
    "second" : 57,
    "dayOfWeek" : "THURSDAY",
    "dayOfYear" : 171,
    "chronology" : {
      "id" : "ISO",
      "calendarType" : "iso8601"
    }
  }
}, {
  "eventId" : "REG-EVT-108",
  "eventName" : "PACKET_DEMO_JSON_CREATED",
  "eventType" : "USER",
  "actionTimeStamp" : {
    "month" : "JUNE",
    "year" : 2019,
    "dayOfMonth" : 20,
    "hour" : 4,
    "minute" : 31,
    "monthValue" : 6,
    "nano" : 250000000,
    "second" : 57,
    "dayOfWeek" : "THURSDAY",
    "dayOfYear" : 171,
    "chronology" : {
      "id" : "ISO",
      "calendarType" : "iso8601"
    }
  },
  "hostName" : "A1ML29006",
  "hostIp" : "192.168.43.242",
  "applicationId" : "REG",
  "applicationName" : "REGISTRATION",
  "sessionUserId" : "110006",
  "sessionUserName" : "test",
  "id" : "10006100060000720190620042928",
  "idType" : "REGISTRATION_ID",
  "createdBy" : "test",
  "moduleName" : "Packet Creator",
  "moduleId" : "REG-MOD-119",
  "description" : "Packet Demographic JSON created successfully",
  "uuid" : "76d86b3a-04cc-4ce8-977b-0de63eac6c3e",
  "createdAt" : {
    "month" : "JUNE",
    "year" : 2019,
    "dayOfMonth" : 20,
    "hour" : 10,
    "minute" : 1,
    "monthValue" : 6,
    "nano" : 257000000,
    "second" : 57,
    "dayOfWeek" : "THURSDAY",
    "dayOfYear" : 171,
    "chronology" : {
      "id" : "ISO",
      "calendarType" : "iso8601"
    }
  }
} ]