{"identity":{"applicantPhotograph":{"BIRIndex":"a739d04d-20c6-4369-b74e-ee80ec838f12","numRetry":0},"documents":[],"hashSequence2":[{"label":"otherFiles","value":["audit"]}],"hashSequence1":[{"label":"applicantBiometricSequence","value":["applicant_bio_CBEFF"]},{"label":"introducerBiometricSequence","value":[]},{"label":"applicantDemographicSequence","value":["ID","POR_Passport","POA_Rental contract","POI_CNIE card"]}],"exceptionBiometrics":[],"metaData":[{"label":"geoLocLatitude","value":"0.0"},{"label":"geoLoclongitude","value":"0.0"},{"label":"registrationType","value":"New"},{"label":"preRegistrationId","value":null},{"label":"registrationId","value":"10006100065549420190620042928"},{"label":"machineId","value":"10006"},{"label":"dongleId","value":"WT6501645780"},{"label":"macId","value":"8C-16-45-FA-94-B7"},{"label":"centerId","value":"10006"},{"label":"previousRID","value":null},{"label":"introducerType","value":null},{"label":"consentOfApplicant","value":"Yes"},{"label":"creationDate","value":"2019-06-20T10:01:57.334Z"},{"label":"authenticationBiometricFileName","value":null}],"printingName":null,"exceptionPhotograph":null,"osiData":[{"label":"officerId","value":"110006"},{"label":"officerBiometricFileName","value":null},{"label":"supervisorId","value":null},{"label":"supervisorBiometricFileName","value":null},{"label":"supervisorPassword","value":"false"},{"label":"officerPassword","value":"true"},{"label":"supervisorPIN","value":null},{"label":"officerPIN","value":null},{"label":"supervisorOTPAuthentication","value":"false"},{"label":"officerOTPAuthentication","value":"false"}],"capturedRegisteredDevices":[{"label":"Finger Print Scanner","value":"3000026"},{"label":"Iris Scanner","value":"3000046"},{"label":"Camera","value":"3000066"},{"label":"Document Scanner","value":"3000086"},{"label":"Printer","value":"3000106"},{"label":"Finger Print Scanner","value":"3000125"},{"label":"Iris Scanner","value":"3000134"},{"label":"Camera","value":"3000143"},{"label":"Document Scanner","value":"3000152"},{"label":"Printer","value":"3000161"},{"label":"Finger Print Scanner","value":"3000181"},{"label":"Iris Scanner","value":"3000182"},{"label":"Camera","value":"3000183"},{"label":"Document Scanner","value":"3000184"},{"label":"Printer","value":"3000185"},{"label":"Finger Print Scanner","value":"3000186"},{"label":"Iris Scanner","value":"3000187"},{"label":"Camera","value":"3000188"},{"label":"Document Scanner","value":"3000189"},{"label":"Printer","value":"3000190"},{"label":"Finger Print Scanner","value":"3000191"},{"label":"Iris Scanner","value":"3000192"},{"label":"Camera","value":"3000193"},{"label":"Document Scanner","value":"3000194"},{"label":"Printer","value":"3000195"},{"label":"Finger Print Scanner","value":"3000196"},{"label":"Iris Scanner","value":"3000197"},{"label":"Camera","value":"3000198"},{"label":"Document Scanner","value":"3000199"},{"label":"Printer","value":"3000200"},{"label":"Finger Print Scanner","value":"3000201"},{"label":"Iris Scanner","value":"3000202"},{"label":"Camera","value":"3000203"},{"label":"Document Scanner","value":"3000204"},{"label":"Printer","value":"3000205"},{"label":"Finger Print Scanner","value":"3000206"},{"label":"Iris Scanner","value":"3000207"},{"label":"Camera","value":"3000208"},{"label":"Document Scanner","value":"3000209"},{"label":"Printer","value":"3000210"},{"label":"Finger Print Scanner","value":"3000211"},{"label":"Iris Scanner","value":"3000212"},{"label":"Camera","value":"3000213"},{"label":"Document Scanner","value":"3000214"},{"label":"Printer","value":"3000215"},{"label":"Finger Print Scanner","value":"3000216"},{"label":"Iris Scanner","value":"3000217"},{"label":"Camera","value":"3000218"},{"label":"Document Scanner","value":"3000219"},{"label":"Printer","value":"3000220"},{"label":"Finger Print Scanner","value":"3000221"},{"label":"Iris Scanner","value":"3000222"},{"label":"Camera","value":"3000223"},{"label":"Document Scanner","value":"3000224"},{"label":"Printer","value":"3000225"},{"label":"Finger Print Scanner","value":"3000226"},{"label":"Iris Scanner","value":"3000227"},{"label":"Camera","value":"3000228"},{"label":"Document Scanner","value":"3000229"},{"label":"Printer","value":"3000230"},{"label":"Finger Print Scanner","value":"3000231"},{"label":"Iris Scanner","value":"3000232"},{"label":"Camera","value":"3000233"},{"label":"Document Scanner","value":"3000234"},{"label":"Printer","value":"3000235"},{"label":"Finger Print Scanner","value":"3000236"},{"label":"Iris Scanner","value":"3000237"},{"label":"Camera","value":"3000238"},{"label":"Document Scanner","value":"3000239"},{"label":"Printer","value":"3000240"},{"label":"Finger Print Scanner","value":"3000241"},{"label":"Iris Scanner","value":"3000242"},{"label":"Camera","value":"3000243"},{"label":"Document Scanner","value":"3000244"},{"label":"Printer","value":"3000245"},{"label":"Finger Print Scanner","value":"3000246"},{"label":"Iris Scanner","value":"3000247"},{"label":"Camera","value":"3000248"},{"label":"Document Scanner","value":"3000249"},{"label":"Printer","value":"3000250"},{"label":"Finger Print Scanner","value":"3000251"},{"label":"Iris Scanner","value":"3000252"},{"label":"Camera","value":"3000253"},{"label":"Document Scanner","value":"3000254"},{"label":"Printer","value":"3000255"},{"label":"Finger Print Scanner","value":"3000256"},{"label":"Iris Scanner","value":"3000257"},{"label":"Camera","value":"3000258"},{"label":"Document Scanner","value":"3000259"},{"label":"Printer","value":"3000260"},{"label":"Finger Print Scanner","value":"3000261"},{"label":"Iris Scanner","value":"3000262"},{"label":"Camera","value":"3000263"},{"label":"Document Scanner","value":"3000264"},{"label":"Printer","value":"3000265"},{"label":"Finger Print Scanner","value":"3000266"},{"label":"Iris Scanner","value":"3000267"},{"label":"Camera","value":"3000268"},{"label":"Document Scanner","value":"3000269"},{"label":"Printer","value":"3000270"},{"label":"Finger Print Scanner","value":"3000271"},{"label":"Iris Scanner","value":"3000272"},{"label":"Camera","value":"3000273"},{"label":"Document Scanner","value":"3000274"},{"label":"Printer","value":"3000275"},{"label":"Finger Print Scanner","value":"3000276"},{"label":"Iris Scanner","value":"3000277"},{"label":"Camera","value":"3000278"},{"label":"Document Scanner","value":"3000279"},{"label":"Printer","value":"3000280"},{"label":"Finger Print Scanner","value":"3000281"},{"label":"Iris Scanner","value":"3000282"},{"label":"Camera","value":"3000283"},{"label":"Document Scanner","value":"3000284"},{"label":"Printer","value":"3000285"},{"label":"Finger Print Scanner","value":"3000286"},{"label":"Iris Scanner","value":"3000287"},{"label":"Camera","value":"3000288"},{"label":"Document Scanner","value":"3000289"},{"label":"Printer","value":"3000290"}],"checkSum":[{"label":"mosip-client.jar","value":"428BC62DB664A5963A001CFF557699CD69277C5123853E3BCA7A64DED84DACF8"},{"label":"mosip-services.jar","value":"AC77D44E41A3D2156635498983BC78076F0ECD69683CF4DFF2D85D10CCFCA2D0"}],"capturedNonRegisteredDevices":null,"biometric":{"applicant":{"leftIndex":{"forceCaptured":false,"BIRIndex":"48b2711d-f7d9-45f3-bd9a-ecdc782693d2","numRetry":1},"rightEye":{"forceCaptured":false,"BIRIndex":"6b479b9a-35b9-4140-aa5c-4965e30af732","numRetry":1},"rightThumb":{"forceCaptured":false,"BIRIndex":"62a7b491-fcdd-4eb0-b719-d08ce2d446ff","numRetry":1},"rightRing":{"forceCaptured":false,"BIRIndex":"633b9f10-0b02-4e73-b88b-e8206b6ea593","numRetry":1},"leftEye":{"forceCaptured":false,"BIRIndex":"356271fc-8d9e-47ca-b3ae-392874792173","numRetry":1},"rightIndex":{"forceCaptured":false,"BIRIndex":"6edd4655-ad9e-4953-8519-6bc7d52827ec","numRetry":1},"leftLittle":{"forceCaptured":false,"BIRIndex":"381f61d8-a54f-4b6c-a106-6bee94bf869d","numRetry":1},"rightMiddle":{"forceCaptured":false,"BIRIndex":"8cf2e20c-bca9-4f6c-be07-1f1be456275d","numRetry":1},"rightLittle":{"forceCaptured":false,"BIRIndex":"b18f98e9-fd81-4d3d-94e4-21841738560d","numRetry":1},"leftThumb":{"forceCaptured":false,"BIRIndex":"a7fcc1e0-3759-4a62-98e8-a391c70421e2","numRetry":1},"leftRing":{"forceCaptured":false,"BIRIndex":"2a990093-2ab8-4159-af8f-e3f849716dbe","numRetry":1},"leftMiddle":{"forceCaptured":false,"BIRIndex":"a26dc623-ba75-430b-ac49-8b9a666c31a5","numRetry":1}}}}}