{
  "identity": {
    "IDSchemaVersion": "1.0",
    "fullName": [
      {
        "language": "ENG",
        "value": "Sanober Noor"
      },
      {
        "language": "ARA",
        "value": "dummyValue"
      }
    ],
    "dateOfBirth": "12/12/1992",
    "age": "45",
    "gender": [
      {
        "language": "ENG",
        "value": "male"
      },
      {
        "language": "ARA",
        "value": "male"
      }
    ],
    "addressLine1": [
      {
        "language": "ENG",
        "value": "c-63 South Extension Part-2 New Delhi"
      },
      {
        "language": "ARA",
        "value": "dummyValue"
      }
    ],
    "addressLine2": [
      {
        "language": "ENG",
        "value": "Jammu"
      },
      {
        "language": "ARA",
        "value": "dummy v2"
      }
    ],
    "addressLine3": [
      {
        "language": "ENG",
        "value": "Kashmir"
      },
      {
        "language": "ARA",
        "value": "dummy 3"
      }
    ],
    "region": [
      {
        "language": "ENG",
        "value": "Bangalore"
      },
      {
        "language": "ARA",
        "value": "(trans) BLR"
      }
    ],
    "province": [
      {
        "language": "ENG",
        "value": "Bangalore"
      },
      {
        "language": "ARA",
        "value": "(trans) BLR"
      }
    ],
    "city": [
      {
        "language": "ENG",
        "value": "Bangalore"
      },
      {
        "language": "ARA",
        "value": "(trans) BLR"
      }
    ],
    "postalCode": "57000",
    "phone": "988765376",
    "email": "sano@123.com",
    "CNIENumber": "6789545678909",
    "localAdministrativeAuthority": [
      {
        "language": "ENG",
        "value": "Bangalore"
      },
      {
        "language": "ARA",
        "value": "(trans) BLR"
      }
    ]
  }
}