[ {
  "eventId" : "REG-EVT-001",
  "eventName" : "LOGIN_AUTHENTICATE_USER_ID",
  "eventType" : "USER",
  "actionTimeStamp" : {
    "month" : "JUNE",
    "year" : 2019,
    "dayOfMonth" : 24,
    "hour" : 5,
    "minute" : 35,
    "monthValue" : 6,
    "nano" : 849000000,
    "second" : 35,
    "dayOfWeek" : "MONDAY",
    "dayOfYear" : 175,
    "chronology" : {
      "id" : "ISO",
      "calendarType" : "iso8601"
    }
  },
  "hostName" : "a1ml28565",
  "hostIp" : "172.23.30.81",
  "applicationId" : "null",
  "applicationName" : "null",
  "sessionUserId" : "NA",
  "sessionUserName" : "NA",
  "id" : "110039",
  "idType" : "USER_ID",
  "createdBy" : "NA",
  "moduleName" : "Login",
  "moduleId" : "REG-MOD-101",
  "description" : "Login authenticating user id: Click of Submit",
  "uuid" : "2ebe5a9e-27a3-4c8d-88a4-76246ee44be5",
  "createdAt" : {
    "month" : "JUNE",
    "year" : 2019,
    "dayOfMonth" : 24,
    "hour" : 11,
    "minute" : 5,
    "monthValue" : 6,
    "nano" : 976000000,
    "second" : 35,
    "dayOfWeek" : "MONDAY",
    "dayOfYear" : 175,
    "chronology" : {
      "id" : "ISO",
      "calendarType" : "iso8601"
    }
  }
}, {
  "eventId" : "REG-EVT-002",
  "eventName" : "LOGIN_WITH_PASSWORD",
  "eventType" : "USER",
  "actionTimeStamp" : {
    "month" : "JUNE",
    "year" : 2019,
    "dayOfMonth" : 24,
    "hour" : 5,
    "minute" : 35,
    "monthValue" : 6,
    "nano" : 393000000,
    "second" : 40,
    "dayOfWeek" : "MONDAY",
    "dayOfYear" : 175,
    "chronology" : {
      "id" : "ISO",
      "calendarType" : "iso8601"
    }
  },
  "hostName" : "a1ml28565",
  "hostIp" : "172.23.30.81",
  "applicationId" : "null",
  "applicationName" : "null",
  "sessionUserId" : "NA",
  "sessionUserName" : "NA",
  "id" : "110039",
  "idType" : "USER_ID",
  "createdBy" : "NA",
  "moduleName" : "Login",
  "moduleId" : "REG-MOD-101",
  "description" : "Login with password: Click of Submit",
  "uuid" : "925c3a18-ca05-4519-bd32-f999a260b274",
  "createdAt" : {
    "month" : "JUNE",
    "year" : 2019,
    "dayOfMonth" : 24,
    "hour" : 11,
    "minute" : 5,
    "monthValue" : 6,
    "nano" : 410000000,
    "second" : 40,
    "dayOfWeek" : "MONDAY",
    "dayOfYear" : 175,
    "chronology" : {
      "id" : "ISO",
      "calendarType" : "iso8601"
    }
  }
}, {
  "eventId" : "REG-EVT-117",
  "eventName" : "FETCH_USER_DETAILS",
  "eventType" : "USER",
  "actionTimeStamp" : {
    "month" : "JUNE",
    "year" : 2019,
    "dayOfMonth" : 24,
    "hour" : 5,
    "minute" : 35,
    "monthValue" : 6,
    "nano" : 423000000,
    "second" : 40,
    "dayOfWeek" : "MONDAY",
    "dayOfYear" : 175,
    "chronology" : {
      "id" : "ISO",
      "calendarType" : "iso8601"
    }
  },
  "hostName" : "a1ml28565",
  "hostIp" : "172.23.30.81",
  "applicationId" : "null",
  "applicationName" : "null",
  "sessionUserId" : "NA",
  "sessionUserName" : "NA",
  "id" : "REGISTRATION",
  "idType" : "APPLICATION_ID",
  "createdBy" : "NA",
  "moduleName" : "User Detail",
  "moduleId" : "REG-MOD-126",
  "description" : "Fetching User Details",
  "uuid" : "2dec7d7d-06f1-494d-8b5b-66251459b2e4",
  "createdAt" : {
    "month" : "JUNE",
    "year" : 2019,
    "dayOfMonth" : 24,
    "hour" : 11,
    "minute" : 5,
    "monthValue" : 6,
    "nano" : 441000000,
    "second" : 40,
    "dayOfWeek" : "MONDAY",
    "dayOfYear" : 175,
    "chronology" : {
      "id" : "ISO",
      "calendarType" : "iso8601"
    }
  }
}, {
  "eventId" : "REG-EVT-001",
  "eventName" : "LOGIN_AUTHENTICATE_USER_ID",
  "eventType" : "USER",
  "actionTimeStamp" : {
    "month" : "JUNE",
    "year" : 2019,
    "dayOfMonth" : 24,
    "hour" : 5,
    "minute" : 37,
    "monthValue" : 6,
    "nano" : 60000000,
    "second" : 52,
    "dayOfWeek" : "MONDAY",
    "dayOfYear" : 175,
    "chronology" : {
      "id" : "ISO",
      "calendarType" : "iso8601"
    }
  },
  "hostName" : "a1ml28565",
  "hostIp" : "172.23.30.81",
  "applicationId" : "REG",
  "applicationName" : "REGISTRATION",
  "sessionUserId" : "NA",
  "sessionUserName" : "NA",
  "id" : "110039",
  "idType" : "USER_ID",
  "createdBy" : "NA",
  "moduleName" : "Login",
  "moduleId" : "REG-MOD-101",
  "description" : "Login authenticating user id: Click of Submit",
  "uuid" : "bf7024fc-e3fb-45bd-b09c-322781c87745",
  "createdAt" : {
    "month" : "JUNE",
    "year" : 2019,
    "dayOfMonth" : 24,
    "hour" : 11,
    "minute" : 7,
    "monthValue" : 6,
    "nano" : 150000000,
    "second" : 52,
    "dayOfWeek" : "MONDAY",
    "dayOfYear" : 175,
    "chronology" : {
      "id" : "ISO",
      "calendarType" : "iso8601"
    }
  }
}, {
  "eventId" : "REG-EVT-117",
  "eventName" : "FETCH_USER_DETAILS",
  "eventType" : "USER",
  "actionTimeStamp" : {
    "month" : "JUNE",
    "year" : 2019,
    "dayOfMonth" : 24,
    "hour" : 5,
    "minute" : 37,
    "monthValue" : 6,
    "nano" : 177000000,
    "second" : 52,
    "dayOfWeek" : "MONDAY",
    "dayOfYear" : 175,
    "chronology" : {
      "id" : "ISO",
      "calendarType" : "iso8601"
    }
  },
  "hostName" : "a1ml28565",
  "hostIp" : "172.23.30.81",
  "applicationId" : "REG",
  "applicationName" : "REGISTRATION",
  "sessionUserId" : "NA",
  "sessionUserName" : "NA",
  "id" : "REGISTRATION",
  "idType" : "APPLICATION_ID",
  "createdBy" : "NA",
  "moduleName" : "User Detail",
  "moduleId" : "REG-MOD-126",
  "description" : "Fetching User Details",
  "uuid" : "1f41526e-085a-43f5-9a82-b735b410c3d6",
  "createdAt" : {
    "month" : "JUNE",
    "year" : 2019,
    "dayOfMonth" : 24,
    "hour" : 11,
    "minute" : 7,
    "monthValue" : 6,
    "nano" : 193000000,
    "second" : 52,
    "dayOfWeek" : "MONDAY",
    "dayOfYear" : 175,
    "chronology" : {
      "id" : "ISO",
      "calendarType" : "iso8601"
    }
  }
}, {
  "eventId" : "REG-EVT-002",
  "eventName" : "LOGIN_WITH_PASSWORD",
  "eventType" : "USER",
  "actionTimeStamp" : {
    "month" : "JUNE",
    "year" : 2019,
    "dayOfMonth" : 24,
    "hour" : 5,
    "minute" : 37,
    "monthValue" : 6,
    "nano" : 874000000,
    "second" : 56,
    "dayOfWeek" : "MONDAY",
    "dayOfYear" : 175,
    "chronology" : {
      "id" : "ISO",
      "calendarType" : "iso8601"
    }
  },
  "hostName" : "a1ml28565",
  "hostIp" : "172.23.30.81",
  "applicationId" : "REG",
  "applicationName" : "REGISTRATION",
  "sessionUserId" : "NA",
  "sessionUserName" : "NA",
  "id" : "110039",
  "idType" : "USER_ID",
  "createdBy" : "NA",
  "moduleName" : "Login",
  "moduleId" : "REG-MOD-101",
  "description" : "Login with password: Click of Submit",
  "uuid" : "49e1bb19-8f06-421d-9495-98b086288526",
  "createdAt" : {
    "month" : "JUNE",
    "year" : 2019,
    "dayOfMonth" : 24,
    "hour" : 11,
    "minute" : 7,
    "monthValue" : 6,
    "nano" : 892000000,
    "second" : 56,
    "dayOfWeek" : "MONDAY",
    "dayOfYear" : 175,
    "chronology" : {
      "id" : "ISO",
      "calendarType" : "iso8601"
    }
  }
}, {
  "eventId" : "REG-EVT-117",
  "eventName" : "FETCH_USER_DETAILS",
  "eventType" : "USER",
  "actionTimeStamp" : {
    "month" : "JUNE",
    "year" : 2019,
    "dayOfMonth" : 24,
    "hour" : 5,
    "minute" : 37,
    "monthValue" : 6,
    "nano" : 901000000,
    "second" : 56,
    "dayOfWeek" : "MONDAY",
    "dayOfYear" : 175,
    "chronology" : {
      "id" : "ISO",
      "calendarType" : "iso8601"
    }
  },
  "hostName" : "a1ml28565",
  "hostIp" : "172.23.30.81",
  "applicationId" : "REG",
  "applicationName" : "REGISTRATION",
  "sessionUserId" : "NA",
  "sessionUserName" : "NA",
  "id" : "REGISTRATION",
  "idType" : "APPLICATION_ID",
  "createdBy" : "NA",
  "moduleName" : "User Detail",
  "moduleId" : "REG-MOD-126",
  "description" : "Fetching User Details",
  "uuid" : "0608516e-4e8b-4542-8141-33bbe9ac3cf4",
  "createdAt" : {
    "month" : "JUNE",
    "year" : 2019,
    "dayOfMonth" : 24,
    "hour" : 11,
    "minute" : 7,
    "monthValue" : 6,
    "nano" : 917000000,
    "second" : 56,
    "dayOfWeek" : "MONDAY",
    "dayOfYear" : 175,
    "chronology" : {
      "id" : "ISO",
      "calendarType" : "iso8601"
    }
  }
}, {
  "eventId" : "REG-EVT-114",
  "eventName" : "LOGIN_MODES_FETCH",
  "eventType" : "USER",
  "actionTimeStamp" : {
    "month" : "JUNE",
    "year" : 2019,
    "dayOfMonth" : 24,
    "hour" : 5,
    "minute" : 38,
    "monthValue" : 6,
    "nano" : 85000000,
    "second" : 0,
    "dayOfWeek" : "MONDAY",
    "dayOfYear" : 175,
    "chronology" : {
      "id" : "ISO",
      "calendarType" : "iso8601"
    }
  },
  "hostName" : "a1ml28565",
  "hostIp" : "172.23.30.81",
  "applicationId" : "REG",
  "applicationName" : "REGISTRATION",
  "sessionUserId" : "NA",
  "sessionUserName" : "NA",
  "id" : "REGISTRATION",
  "idType" : "APPLICATION_ID",
  "createdBy" : "NA",
  "moduleName" : "Login Modes",
  "moduleId" : "REG-MOD-123",
  "description" : "Fetching Login Modes",
  "uuid" : "6782e25c-3808-4413-81fb-f53febdc7749",
  "createdAt" : {
    "month" : "JUNE",
    "year" : 2019,
    "dayOfMonth" : 24,
    "hour" : 11,
    "minute" : 8,
    "monthValue" : 6,
    "nano" : 99000000,
    "second" : 0,
    "dayOfWeek" : "MONDAY",
    "dayOfYear" : 175,
    "chronology" : {
      "id" : "ISO",
      "calendarType" : "iso8601"
    }
  }
}, {
  "eventId" : "REG-EVT-119",
  "eventName" : "FETCH_CENTER_DETAILS",
  "eventType" : "USER",
  "actionTimeStamp" : {
    "month" : "JUNE",
    "year" : 2019,
    "dayOfMonth" : 24,
    "hour" : 5,
    "minute" : 38,
    "monthValue" : 6,
    "nano" : 7000000,
    "second" : 4,
    "dayOfWeek" : "MONDAY",
    "dayOfYear" : 175,
    "chronology" : {
      "id" : "ISO",
      "calendarType" : "iso8601"
    }
  },
  "hostName" : "a1ml28565",
  "hostIp" : "172.23.30.81",
  "applicationId" : "REG",
  "applicationName" : "REGISTRATION",
  "sessionUserId" : "110039",
  "sessionUserName" : "Girish Yarru",
  "id" : "REGISTRATION",
  "idType" : "APPLICATION_ID",
  "createdBy" : "Girish Yarru",
  "moduleName" : "Center Detail",
  "moduleId" : "REG-MOD-128",
  "description" : "Fetching Center Details",
  "uuid" : "7c5e4a9b-dbe0-4c91-b2c7-ef769b0626fe",
  "createdAt" : {
    "month" : "JUNE",
    "year" : 2019,
    "dayOfMonth" : 24,
    "hour" : 11,
    "minute" : 8,
    "monthValue" : 6,
    "nano" : 19000000,
    "second" : 4,
    "dayOfWeek" : "MONDAY",
    "dayOfYear" : 175,
    "chronology" : {
      "id" : "ISO",
      "calendarType" : "iso8601"
    }
  }
}, {
  "eventId" : "REG-EVT-121",
  "eventName" : "FETCH_SCREEN_AUTH",
  "eventType" : "USER",
  "actionTimeStamp" : {
    "month" : "JUNE",
    "year" : 2019,
    "dayOfMonth" : 24,
    "hour" : 5,
    "minute" : 38,
    "monthValue" : 6,
    "nano" : 48000000,
    "second" : 4,
    "dayOfWeek" : "MONDAY",
    "dayOfYear" : 175,
    "chronology" : {
      "id" : "ISO",
      "calendarType" : "iso8601"
    }
  },
  "hostName" : "a1ml28565",
  "hostIp" : "172.23.30.81",
  "applicationId" : "REG",
  "applicationName" : "REGISTRATION",
  "sessionUserId" : "110039",
  "sessionUserName" : "Girish Yarru",
  "id" : "REGISTRATION",
  "idType" : "APPLICATION_ID",
  "createdBy" : "Girish Yarru",
  "moduleName" : "Screen AUthorization",
  "moduleId" : "REG-MOD-130",
  "description" : "Fetching screens to be authorized",
  "uuid" : "edfb62de-e5f1-40fb-9ac3-8e6696d00a57",
  "createdAt" : {
    "month" : "JUNE",
    "year" : 2019,
    "dayOfMonth" : 24,
    "hour" : 11,
    "minute" : 8,
    "monthValue" : 6,
    "nano" : 63000000,
    "second" : 4,
    "dayOfWeek" : "MONDAY",
    "dayOfYear" : 175,
    "chronology" : {
      "id" : "ISO",
      "calendarType" : "iso8601"
    }
  }
}, {
  "eventId" : "REG-EVT-114",
  "eventName" : "LOGIN_MODES_FETCH",
  "eventType" : "USER",
  "actionTimeStamp" : {
    "month" : "JUNE",
    "year" : 2019,
    "dayOfMonth" : 24,
    "hour" : 5,
    "minute" : 38,
    "monthValue" : 6,
    "nano" : 138000000,
    "second" : 4,
    "dayOfWeek" : "MONDAY",
    "dayOfYear" : 175,
    "chronology" : {
      "id" : "ISO",
      "calendarType" : "iso8601"
    }
  },
  "hostName" : "a1ml28565",
  "hostIp" : "172.23.30.81",
  "applicationId" : "REG",
  "applicationName" : "REGISTRATION",
  "sessionUserId" : "110039",
  "sessionUserName" : "Girish Yarru",
  "id" : "REGISTRATION",
  "idType" : "APPLICATION_ID",
  "createdBy" : "Girish Yarru",
  "moduleName" : "Login Modes",
  "moduleId" : "REG-MOD-123",
  "description" : "Fetching Login Modes",
  "uuid" : "b56e1512-8815-4ea6-85d1-653685744340",
  "createdAt" : {
    "month" : "JUNE",
    "year" : 2019,
    "dayOfMonth" : 24,
    "hour" : 11,
    "minute" : 8,
    "monthValue" : 6,
    "nano" : 148000000,
    "second" : 4,
    "dayOfWeek" : "MONDAY",
    "dayOfYear" : 175,
    "chronology" : {
      "id" : "ISO",
      "calendarType" : "iso8601"
    }
  }
}, {
  "eventId" : "REG-EVT-117",
  "eventName" : "FETCH_USER_DETAILS",
  "eventType" : "USER",
  "actionTimeStamp" : {
    "month" : "JUNE",
    "year" : 2019,
    "dayOfMonth" : 24,
    "hour" : 5,
    "minute" : 38,
    "monthValue" : 6,
    "nano" : 163000000,
    "second" : 4,
    "dayOfWeek" : "MONDAY",
    "dayOfYear" : 175,
    "chronology" : {
      "id" : "ISO",
      "calendarType" : "iso8601"
    }
  },
  "hostName" : "a1ml28565",
  "hostIp" : "172.23.30.81",
  "applicationId" : "REG",
  "applicationName" : "REGISTRATION",
  "sessionUserId" : "110039",
  "sessionUserName" : "Girish Yarru",
  "id" : "REGISTRATION",
  "idType" : "APPLICATION_ID",
  "createdBy" : "Girish Yarru",
  "moduleName" : "User Detail",
  "moduleId" : "REG-MOD-126",
  "description" : "Fetching User Details",
  "uuid" : "d1d53ab4-ed82-4381-97e3-c1b761ec45d4",
  "createdAt" : {
    "month" : "JUNE",
    "year" : 2019,
    "dayOfMonth" : 24,
    "hour" : 11,
    "minute" : 8,
    "monthValue" : 6,
    "nano" : 172000000,
    "second" : 4,
    "dayOfWeek" : "MONDAY",
    "dayOfYear" : 175,
    "chronology" : {
      "id" : "ISO",
      "calendarType" : "iso8601"
    }
  }
}, {
  "eventId" : "REG-EVT-119",
  "eventName" : "FETCH_CENTER_DETAILS",
  "eventType" : "USER",
  "actionTimeStamp" : {
    "month" : "JUNE",
    "year" : 2019,
    "dayOfMonth" : 24,
    "hour" : 5,
    "minute" : 38,
    "monthValue" : 6,
    "nano" : 183000000,
    "second" : 4,
    "dayOfWeek" : "MONDAY",
    "dayOfYear" : 175,
    "chronology" : {
      "id" : "ISO",
      "calendarType" : "iso8601"
    }
  },
  "hostName" : "a1ml28565",
  "hostIp" : "172.23.30.81",
  "applicationId" : "REG",
  "applicationName" : "REGISTRATION",
  "sessionUserId" : "110039",
  "sessionUserName" : "Girish Yarru",
  "id" : "REGISTRATION",
  "idType" : "APPLICATION_ID",
  "createdBy" : "Girish Yarru",
  "moduleName" : "Center Detail",
  "moduleId" : "REG-MOD-128",
  "description" : "Fetching Center Details",
  "uuid" : "97671016-0b97-4427-9e62-28fda36f6300",
  "createdAt" : {
    "month" : "JUNE",
    "year" : 2019,
    "dayOfMonth" : 24,
    "hour" : 11,
    "minute" : 8,
    "monthValue" : 6,
    "nano" : 191000000,
    "second" : 4,
    "dayOfWeek" : "MONDAY",
    "dayOfYear" : 175,
    "chronology" : {
      "id" : "ISO",
      "calendarType" : "iso8601"
    }
  }
}, {
  "eventId" : "REG-EVT-121",
  "eventName" : "FETCH_SCREEN_AUTH",
  "eventType" : "USER",
  "actionTimeStamp" : {
    "month" : "JUNE",
    "year" : 2019,
    "dayOfMonth" : 24,
    "hour" : 5,
    "minute" : 38,
    "monthValue" : 6,
    "nano" : 197000000,
    "second" : 4,
    "dayOfWeek" : "MONDAY",
    "dayOfYear" : 175,
    "chronology" : {
      "id" : "ISO",
      "calendarType" : "iso8601"
    }
  },
  "hostName" : "a1ml28565",
  "hostIp" : "172.23.30.81",
  "applicationId" : "REG",
  "applicationName" : "REGISTRATION",
  "sessionUserId" : "110039",
  "sessionUserName" : "Girish Yarru",
  "id" : "REGISTRATION",
  "idType" : "APPLICATION_ID",
  "createdBy" : "Girish Yarru",
  "moduleName" : "Screen AUthorization",
  "moduleId" : "REG-MOD-130",
  "description" : "Fetching screens to be authorized",
  "uuid" : "c481e7f0-5f7d-4fdd-ac47-314919a0ad74",
  "createdAt" : {
    "month" : "JUNE",
    "year" : 2019,
    "dayOfMonth" : 24,
    "hour" : 11,
    "minute" : 8,
    "monthValue" : 6,
    "nano" : 206000000,
    "second" : 4,
    "dayOfWeek" : "MONDAY",
    "dayOfYear" : 175,
    "chronology" : {
      "id" : "ISO",
      "calendarType" : "iso8601"
    }
  }
}, {
  "eventId" : "REG-EVT-021",
  "eventName" : "NAV_HOME",
  "eventType" : "SYSTEM",
  "actionTimeStamp" : {
    "month" : "JUNE",
    "year" : 2019,
    "dayOfMonth" : 24,
    "hour" : 5,
    "minute" : 38,
    "monthValue" : 6,
    "nano" : 266000000,
    "second" : 4,
    "dayOfWeek" : "MONDAY",
    "dayOfYear" : 175,
    "chronology" : {
      "id" : "ISO",
      "calendarType" : "iso8601"
    }
  },
  "hostName" : "a1ml28565",
  "hostIp" : "172.23.30.81",
  "applicationId" : "REG",
  "applicationName" : "REGISTRATION",
  "sessionUserId" : "110039",
  "sessionUserName" : "Girish Yarru",
  "id" : "110039",
  "idType" : "USER_ID",
  "createdBy" : "Girish Yarru",
  "moduleName" : "Login",
  "moduleId" : "REG-MOD-101",
  "description" : "Navigation link: Home",
  "uuid" : "f76ce3ed-8371-4fff-b3af-f80067d03a90",
  "createdAt" : {
    "month" : "JUNE",
    "year" : 2019,
    "dayOfMonth" : 24,
    "hour" : 11,
    "minute" : 8,
    "monthValue" : 6,
    "nano" : 276000000,
    "second" : 4,
    "dayOfWeek" : "MONDAY",
    "dayOfYear" : 175,
    "chronology" : {
      "id" : "ISO",
      "calendarType" : "iso8601"
    }
  }
}, {
  "eventId" : "REG-EVT-125",
  "eventName" : "PACKET_RETRIVE",
  "eventType" : "USER",
  "actionTimeStamp" : {
    "month" : "JUNE",
    "year" : 2019,
    "dayOfMonth" : 24,
    "hour" : 5,
    "minute" : 38,
    "monthValue" : 6,
    "nano" : 431000000,
    "second" : 4,
    "dayOfWeek" : "MONDAY",
    "dayOfYear" : 175,
    "chronology" : {
      "id" : "ISO",
      "calendarType" : "iso8601"
    }
  },
  "hostName" : "a1ml28565",
  "hostIp" : "172.23.30.81",
  "applicationId" : "REG",
  "applicationName" : "REGISTRATION",
  "sessionUserId" : "110039",
  "sessionUserName" : "Girish Yarru",
  "id" : "110039",
  "idType" : "USER_ID",
  "createdBy" : "Girish Yarru",
  "moduleName" : "Packet Retrive for Approval",
  "moduleId" : "REG-MOD-131",
  "description" : "Packets which are in created state for approval are retrived",
  "uuid" : "7bdc1a02-3095-4434-96fb-04f4e8d99755",
  "createdAt" : {
    "month" : "JUNE",
    "year" : 2019,
    "dayOfMonth" : 24,
    "hour" : 11,
    "minute" : 8,
    "monthValue" : 6,
    "nano" : 439000000,
    "second" : 4,
    "dayOfWeek" : "MONDAY",
    "dayOfYear" : 175,
    "chronology" : {
      "id" : "ISO",
      "calendarType" : "iso8601"
    }
  }
}, {
  "eventId" : "REG-EVT-125",
  "eventName" : "PACKET_RETRIVE",
  "eventType" : "USER",
  "actionTimeStamp" : {
    "month" : "JUNE",
    "year" : 2019,
    "dayOfMonth" : 24,
    "hour" : 5,
    "minute" : 38,
    "monthValue" : 6,
    "nano" : 472000000,
    "second" : 4,
    "dayOfWeek" : "MONDAY",
    "dayOfYear" : 175,
    "chronology" : {
      "id" : "ISO",
      "calendarType" : "iso8601"
    }
  },
  "hostName" : "a1ml28565",
  "hostIp" : "172.23.30.81",
  "applicationId" : "REG",
  "applicationName" : "REGISTRATION",
  "sessionUserId" : "110039",
  "sessionUserName" : "Girish Yarru",
  "id" : "110039",
  "idType" : "USER_ID",
  "createdBy" : "Girish Yarru",
  "moduleName" : "Packet Retrive for Approval",
  "moduleId" : "REG-MOD-131",
  "description" : "Packets which are in created state for approval are retrived",
  "uuid" : "99ed72c6-a033-4f77-8221-2e3fdfe8596e",
  "createdAt" : {
    "month" : "JUNE",
    "year" : 2019,
    "dayOfMonth" : 24,
    "hour" : 11,
    "minute" : 8,
    "monthValue" : 6,
    "nano" : 492000000,
    "second" : 4,
    "dayOfWeek" : "MONDAY",
    "dayOfYear" : 175,
    "chronology" : {
      "id" : "ISO",
      "calendarType" : "iso8601"
    }
  }
}, {
  "eventId" : "REG-EVT-019",
  "eventName" : "NAV_ON_BOARD_USER",
  "eventType" : "USER",
  "actionTimeStamp" : {
    "month" : "JUNE",
    "year" : 2019,
    "dayOfMonth" : 24,
    "hour" : 5,
    "minute" : 38,
    "monthValue" : 6,
    "nano" : 605000000,
    "second" : 4,
    "dayOfWeek" : "MONDAY",
    "dayOfYear" : 175,
    "chronology" : {
      "id" : "ISO",
      "calendarType" : "iso8601"
    }
  },
  "hostName" : "a1ml28565",
  "hostIp" : "172.23.30.81",
  "applicationId" : "REG",
  "applicationName" : "REGISTRATION",
  "sessionUserId" : "110039",
  "sessionUserName" : "Girish Yarru",
  "id" : "REGISTRATION",
  "idType" : "APPLICATION_ID",
  "createdBy" : "Girish Yarru",
  "moduleName" : "Navigation",
  "moduleId" : "REG-MOD-102",
  "description" : "Navigation link: On-board Users",
  "uuid" : "4ea592e3-cb33-43d2-8b12-c1259109e6d5",
  "createdAt" : {
    "month" : "JUNE",
    "year" : 2019,
    "dayOfMonth" : 24,
    "hour" : 11,
    "minute" : 8,
    "monthValue" : 6,
    "nano" : 615000000,
    "second" : 4,
    "dayOfWeek" : "MONDAY",
    "dayOfYear" : 175,
    "chronology" : {
      "id" : "ISO",
      "calendarType" : "iso8601"
    }
  }
}, {
  "eventId" : "REG-EVT-041",
  "eventName" : "REG_BIO_EXCEPTION_NEXT",
  "eventType" : "USER",
  "actionTimeStamp" : {
    "month" : "JUNE",
    "year" : 2019,
    "dayOfMonth" : 24,
    "hour" : 5,
    "minute" : 38,
    "monthValue" : 6,
    "nano" : 693000000,
    "second" : 9,
    "dayOfWeek" : "MONDAY",
    "dayOfYear" : 175,
    "chronology" : {
      "id" : "ISO",
      "calendarType" : "iso8601"
    }
  },
  "hostName" : "a1ml28565",
  "hostIp" : "172.23.30.81",
  "applicationId" : "REG",
  "applicationName" : "REGISTRATION",
  "sessionUserId" : "110039",
  "sessionUserName" : "Girish Yarru",
  "id" : "110039",
  "idType" : "USER_ID",
  "createdBy" : "Girish Yarru",
  "moduleName" : "Registration: Biometrics",
  "moduleId" : "REG-MOD-105",
  "description" : "Click of Next after marking exceptions",
  "uuid" : "a53526a8-f897-4db4-857b-12a26dbaca2d",
  "createdAt" : {
    "month" : "JUNE",
    "year" : 2019,
    "dayOfMonth" : 24,
    "hour" : 11,
    "minute" : 8,
    "monthValue" : 6,
    "nano" : 705000000,
    "second" : 9,
    "dayOfWeek" : "MONDAY",
    "dayOfYear" : 175,
    "chronology" : {
      "id" : "ISO",
      "calendarType" : "iso8601"
    }
  }
}, {
  "eventId" : "REG-EVT-043",
  "eventName" : "REG_BIO_LEFT_SLAP_SCAN",
  "eventType" : "USER",
  "actionTimeStamp" : {
    "month" : "JUNE",
    "year" : 2019,
    "dayOfMonth" : 24,
    "hour" : 5,
    "minute" : 38,
    "monthValue" : 6,
    "nano" : 612000000,
    "second" : 12,
    "dayOfWeek" : "MONDAY",
    "dayOfYear" : 175,
    "chronology" : {
      "id" : "ISO",
      "calendarType" : "iso8601"
    }
  },
  "hostName" : "a1ml28565",
  "hostIp" : "172.23.30.81",
  "applicationId" : "REG",
  "applicationName" : "REGISTRATION",
  "sessionUserId" : "110039",
  "sessionUserName" : "Girish Yarru",
  "id" : "110039",
  "idType" : "USER_ID",
  "createdBy" : "Girish Yarru",
  "moduleName" : "Registration: Biometrics",
  "moduleId" : "REG-MOD-105",
  "description" : "Fingerprints: Scan of left slap",
  "uuid" : "64c02ee3-a356-41b1-bc64-cd49ea6b37b9",
  "createdAt" : {
    "month" : "JUNE",
    "year" : 2019,
    "dayOfMonth" : 24,
    "hour" : 11,
    "minute" : 8,
    "monthValue" : 6,
    "nano" : 623000000,
    "second" : 12,
    "dayOfWeek" : "MONDAY",
    "dayOfYear" : 175,
    "chronology" : {
      "id" : "ISO",
      "calendarType" : "iso8601"
    }
  }
}, {
  "eventId" : "REG-EVT-044",
  "eventName" : "REG_BIO_RIGHT_SLAP_SCAN",
  "eventType" : "USER",
  "actionTimeStamp" : {
    "month" : "JUNE",
    "year" : 2019,
    "dayOfMonth" : 24,
    "hour" : 5,
    "minute" : 38,
    "monthValue" : 6,
    "nano" : 439000000,
    "second" : 16,
    "dayOfWeek" : "MONDAY",
    "dayOfYear" : 175,
    "chronology" : {
      "id" : "ISO",
      "calendarType" : "iso8601"
    }
  },
  "hostName" : "a1ml28565",
  "hostIp" : "172.23.30.81",
  "applicationId" : "REG",
  "applicationName" : "REGISTRATION",
  "sessionUserId" : "110039",
  "sessionUserName" : "Girish Yarru",
  "id" : "110039",
  "idType" : "USER_ID",
  "createdBy" : "Girish Yarru",
  "moduleName" : "Registration: Biometrics",
  "moduleId" : "REG-MOD-105",
  "description" : "Fingerprints: Scan of right slap",
  "uuid" : "3b7f36d3-fdc7-43e3-a33e-3e0ac336029f",
  "createdAt" : {
    "month" : "JUNE",
    "year" : 2019,
    "dayOfMonth" : 24,
    "hour" : 11,
    "minute" : 8,
    "monthValue" : 6,
    "nano" : 451000000,
    "second" : 16,
    "dayOfWeek" : "MONDAY",
    "dayOfYear" : 175,
    "chronology" : {
      "id" : "ISO",
      "calendarType" : "iso8601"
    }
  }
}, {
  "eventId" : "REG-EVT-045",
  "eventName" : "REG_BIO_THUMBS_SCAN",
  "eventType" : "USER",
  "actionTimeStamp" : {
    "month" : "JUNE",
    "year" : 2019,
    "dayOfMonth" : 24,
    "hour" : 5,
    "minute" : 38,
    "monthValue" : 6,
    "nano" : 407000000,
    "second" : 19,
    "dayOfWeek" : "MONDAY",
    "dayOfYear" : 175,
    "chronology" : {
      "id" : "ISO",
      "calendarType" : "iso8601"
    }
  },
  "hostName" : "a1ml28565",
  "hostIp" : "172.23.30.81",
  "applicationId" : "REG",
  "applicationName" : "REGISTRATION",
  "sessionUserId" : "110039",
  "sessionUserName" : "Girish Yarru",
  "id" : "110039",
  "idType" : "USER_ID",
  "createdBy" : "Girish Yarru",
  "moduleName" : "Registration: Biometrics",
  "moduleId" : "REG-MOD-105",
  "description" : "Fingerprints: Scan of thumbs",
  "uuid" : "d8351eef-2ee3-4845-a99d-f10a75202cdc",
  "createdAt" : {
    "month" : "JUNE",
    "year" : 2019,
    "dayOfMonth" : 24,
    "hour" : 11,
    "minute" : 8,
    "monthValue" : 6,
    "nano" : 415000000,
    "second" : 19,
    "dayOfWeek" : "MONDAY",
    "dayOfYear" : 175,
    "chronology" : {
      "id" : "ISO",
      "calendarType" : "iso8601"
    }
  }
}, {
  "eventId" : "REG-EVT-046",
  "eventName" : "REG_BIO_FINGERPRINT_NEXT",
  "eventType" : "USER",
  "actionTimeStamp" : {
    "month" : "JUNE",
    "year" : 2019,
    "dayOfMonth" : 24,
    "hour" : 5,
    "minute" : 38,
    "monthValue" : 6,
    "nano" : 202000000,
    "second" : 22,
    "dayOfWeek" : "MONDAY",
    "dayOfYear" : 175,
    "chronology" : {
      "id" : "ISO",
      "calendarType" : "iso8601"
    }
  },
  "hostName" : "a1ml28565",
  "hostIp" : "172.23.30.81",
  "applicationId" : "REG",
  "applicationName" : "REGISTRATION",
  "sessionUserId" : "110039",
  "sessionUserName" : "Girish Yarru",
  "id" : "110039",
  "idType" : "USER_ID",
  "createdBy" : "Girish Yarru",
  "moduleName" : "Registration: Biometrics",
  "moduleId" : "REG-MOD-105",
  "description" : "Click of Next after capturing fingerprints",
  "uuid" : "2c1e1b5f-f07b-4032-b22d-d9b841cf5aba",
  "createdAt" : {
    "month" : "JUNE",
    "year" : 2019,
    "dayOfMonth" : 24,
    "hour" : 11,
    "minute" : 8,
    "monthValue" : 6,
    "nano" : 214000000,
    "second" : 22,
    "dayOfWeek" : "MONDAY",
    "dayOfYear" : 175,
    "chronology" : {
      "id" : "ISO",
      "calendarType" : "iso8601"
    }
  }
}, {
  "eventId" : "REG-EVT-048",
  "eventName" : "REG_BIO_IRIS_SCAN",
  "eventType" : "USER",
  "actionTimeStamp" : {
    "month" : "JUNE",
    "year" : 2019,
    "dayOfMonth" : 24,
    "hour" : 5,
    "minute" : 38,
    "monthValue" : 6,
    "nano" : 693000000,
    "second" : 24,
    "dayOfWeek" : "MONDAY",
    "dayOfYear" : 175,
    "chronology" : {
      "id" : "ISO",
      "calendarType" : "iso8601"
    }
  },
  "hostName" : "a1ml28565",
  "hostIp" : "172.23.30.81",
  "applicationId" : "REG",
  "applicationName" : "REGISTRATION",
  "sessionUserId" : "110039",
  "sessionUserName" : "Girish Yarru",
  "id" : "110039",
  "idType" : "USER_ID",
  "createdBy" : "Girish Yarru",
  "moduleName" : "Registration: Biometrics",
  "moduleId" : "REG-MOD-105",
  "description" : "Iris: Scan of left iris",
  "uuid" : "76b2c1b9-3a1f-4a48-8619-da66175cd989",
  "createdAt" : {
    "month" : "JUNE",
    "year" : 2019,
    "dayOfMonth" : 24,
    "hour" : 11,
    "minute" : 8,
    "monthValue" : 6,
    "nano" : 704000000,
    "second" : 24,
    "dayOfWeek" : "MONDAY",
    "dayOfYear" : 175,
    "chronology" : {
      "id" : "ISO",
      "calendarType" : "iso8601"
    }
  }
}, {
  "eventId" : "REG-EVT-143",
  "eventName" : "REG_BIO_IRIS_SCAN",
  "eventType" : "USER",
  "actionTimeStamp" : {
    "month" : "JUNE",
    "year" : 2019,
    "dayOfMonth" : 24,
    "hour" : 5,
    "minute" : 38,
    "monthValue" : 6,
    "nano" : 446000000,
    "second" : 28,
    "dayOfWeek" : "MONDAY",
    "dayOfYear" : 175,
    "chronology" : {
      "id" : "ISO",
      "calendarType" : "iso8601"
    }
  },
  "hostName" : "a1ml28565",
  "hostIp" : "172.23.30.81",
  "applicationId" : "REG",
  "applicationName" : "REGISTRATION",
  "sessionUserId" : "110039",
  "sessionUserName" : "Girish Yarru",
  "id" : "110039",
  "idType" : "USER_ID",
  "createdBy" : "Girish Yarru",
  "moduleName" : "Registration: Biometrics",
  "moduleId" : "REG-MOD-105",
  "description" : "Iris: Scan of right iris",
  "uuid" : "128b139f-f91e-4bf1-9e42-bdd3a6a8f323",
  "createdAt" : {
    "month" : "JUNE",
    "year" : 2019,
    "dayOfMonth" : 24,
    "hour" : 11,
    "minute" : 8,
    "monthValue" : 6,
    "nano" : 456000000,
    "second" : 28,
    "dayOfWeek" : "MONDAY",
    "dayOfYear" : 175,
    "chronology" : {
      "id" : "ISO",
      "calendarType" : "iso8601"
    }
  }
}, {
  "eventId" : "REG-EVT-049",
  "eventName" : "REG_BIO_IRIS_NEXT",
  "eventType" : "USER",
  "actionTimeStamp" : {
    "month" : "JUNE",
    "year" : 2019,
    "dayOfMonth" : 24,
    "hour" : 5,
    "minute" : 38,
    "monthValue" : 6,
    "nano" : 879000000,
    "second" : 31,
    "dayOfWeek" : "MONDAY",
    "dayOfYear" : 175,
    "chronology" : {
      "id" : "ISO",
      "calendarType" : "iso8601"
    }
  },
  "hostName" : "a1ml28565",
  "hostIp" : "172.23.30.81",
  "applicationId" : "REG",
  "applicationName" : "REGISTRATION",
  "sessionUserId" : "110039",
  "sessionUserName" : "Girish Yarru",
  "id" : "110039",
  "idType" : "USER_ID",
  "createdBy" : "Girish Yarru",
  "moduleName" : "Registration: Biometrics",
  "moduleId" : "REG-MOD-105",
  "description" : "Click of Next after capturing irises",
  "uuid" : "d2dffc3d-77ac-42d4-aaa1-b60c568359a6",
  "createdAt" : {
    "month" : "JUNE",
    "year" : 2019,
    "dayOfMonth" : 24,
    "hour" : 11,
    "minute" : 8,
    "monthValue" : 6,
    "nano" : 891000000,
    "second" : 31,
    "dayOfWeek" : "MONDAY",
    "dayOfYear" : 175,
    "chronology" : {
      "id" : "ISO",
      "calendarType" : "iso8601"
    }
  }
}, {
  "eventId" : "REG-EVT-051",
  "eventName" : "REG_BIO_FACE_CAPTURE",
  "eventType" : "USER",
  "actionTimeStamp" : {
    "month" : "JUNE",
    "year" : 2019,
    "dayOfMonth" : 24,
    "hour" : 5,
    "minute" : 38,
    "monthValue" : 6,
    "nano" : 940000000,
    "second" : 33,
    "dayOfWeek" : "MONDAY",
    "dayOfYear" : 175,
    "chronology" : {
      "id" : "ISO",
      "calendarType" : "iso8601"
    }
  },
  "hostName" : "a1ml28565",
  "hostIp" : "172.23.30.81",
  "applicationId" : "REG",
  "applicationName" : "REGISTRATION",
  "sessionUserId" : "110039",
  "sessionUserName" : "Girish Yarru",
  "id" : "110039",
  "idType" : "USER_ID",
  "createdBy" : "Girish Yarru",
  "moduleName" : "Registration: Biometrics",
  "moduleId" : "REG-MOD-105",
  "description" : "Photo: Face capture",
  "uuid" : "f18fa103-bff4-41a2-96c2-bae659084ba2",
  "createdAt" : {
    "month" : "JUNE",
    "year" : 2019,
    "dayOfMonth" : 24,
    "hour" : 11,
    "minute" : 8,
    "monthValue" : 6,
    "nano" : 951000000,
    "second" : 33,
    "dayOfWeek" : "MONDAY",
    "dayOfYear" : 175,
    "chronology" : {
      "id" : "ISO",
      "calendarType" : "iso8601"
    }
  }
}, {
  "eventId" : "REG-EVT-052",
  "eventName" : "REG_BIO_FACE_CAPTURE_NEXT",
  "eventType" : "USER",
  "actionTimeStamp" : {
    "month" : "JUNE",
    "year" : 2019,
    "dayOfMonth" : 24,
    "hour" : 5,
    "minute" : 38,
    "monthValue" : 6,
    "nano" : 107000000,
    "second" : 46,
    "dayOfWeek" : "MONDAY",
    "dayOfYear" : 175,
    "chronology" : {
      "id" : "ISO",
      "calendarType" : "iso8601"
    }
  },
  "hostName" : "a1ml28565",
  "hostIp" : "172.23.30.81",
  "applicationId" : "REG",
  "applicationName" : "REGISTRATION",
  "sessionUserId" : "110039",
  "sessionUserName" : "Girish Yarru",
  "id" : "110039",
  "idType" : "USER_ID",
  "createdBy" : "Girish Yarru",
  "moduleName" : "Registration: Biometrics",
  "moduleId" : "REG-MOD-105",
  "description" : "Click of Next after capturing face photo",
  "uuid" : "9d6ecd65-c3cf-4815-b48f-7761a9768df7",
  "createdAt" : {
    "month" : "JUNE",
    "year" : 2019,
    "dayOfMonth" : 24,
    "hour" : 11,
    "minute" : 8,
    "monthValue" : 6,
    "nano" : 118000000,
    "second" : 46,
    "dayOfWeek" : "MONDAY",
    "dayOfYear" : 175,
    "chronology" : {
      "id" : "ISO",
      "calendarType" : "iso8601"
    }
  }
}, {
  "eventId" : "REG-EVT-125",
  "eventName" : "PACKET_RETRIVE",
  "eventType" : "USER",
  "actionTimeStamp" : {
    "month" : "JUNE",
    "year" : 2019,
    "dayOfMonth" : 24,
    "hour" : 5,
    "minute" : 38,
    "monthValue" : 6,
    "nano" : 199000000,
    "second" : 47,
    "dayOfWeek" : "MONDAY",
    "dayOfYear" : 175,
    "chronology" : {
      "id" : "ISO",
      "calendarType" : "iso8601"
    }
  },
  "hostName" : "a1ml28565",
  "hostIp" : "172.23.30.81",
  "applicationId" : "REG",
  "applicationName" : "REGISTRATION",
  "sessionUserId" : "110039",
  "sessionUserName" : "Girish Yarru",
  "id" : "110039",
  "idType" : "USER_ID",
  "createdBy" : "Girish Yarru",
  "moduleName" : "Packet Retrive for Approval",
  "moduleId" : "REG-MOD-131",
  "description" : "Packets which are in created state for approval are retrived",
  "uuid" : "b8d4bdb4-d813-4601-8e1a-8499698a427c",
  "createdAt" : {
    "month" : "JUNE",
    "year" : 2019,
    "dayOfMonth" : 24,
    "hour" : 11,
    "minute" : 8,
    "monthValue" : 6,
    "nano" : 207000000,
    "second" : 47,
    "dayOfWeek" : "MONDAY",
    "dayOfYear" : 175,
    "chronology" : {
      "id" : "ISO",
      "calendarType" : "iso8601"
    }
  }
}, {
  "eventId" : "REG-EVT-125",
  "eventName" : "PACKET_RETRIVE",
  "eventType" : "USER",
  "actionTimeStamp" : {
    "month" : "JUNE",
    "year" : 2019,
    "dayOfMonth" : 24,
    "hour" : 5,
    "minute" : 38,
    "monthValue" : 6,
    "nano" : 215000000,
    "second" : 47,
    "dayOfWeek" : "MONDAY",
    "dayOfYear" : 175,
    "chronology" : {
      "id" : "ISO",
      "calendarType" : "iso8601"
    }
  },
  "hostName" : "a1ml28565",
  "hostIp" : "172.23.30.81",
  "applicationId" : "REG",
  "applicationName" : "REGISTRATION",
  "sessionUserId" : "110039",
  "sessionUserName" : "Girish Yarru",
  "id" : "110039",
  "idType" : "USER_ID",
  "createdBy" : "Girish Yarru",
  "moduleName" : "Packet Retrive for Approval",
  "moduleId" : "REG-MOD-131",
  "description" : "Packets which are in created state for approval are retrived",
  "uuid" : "76a45d8b-8fc7-4ebf-a37a-2c68797dbc4c",
  "createdAt" : {
    "month" : "JUNE",
    "year" : 2019,
    "dayOfMonth" : 24,
    "hour" : 11,
    "minute" : 8,
    "monthValue" : 6,
    "nano" : 223000000,
    "second" : 47,
    "dayOfWeek" : "MONDAY",
    "dayOfYear" : 175,
    "chronology" : {
      "id" : "ISO",
      "calendarType" : "iso8601"
    }
  }
}, {
  "eventId" : "REG-EVT-021",
  "eventName" : "NAV_HOME",
  "eventType" : "SYSTEM",
  "actionTimeStamp" : {
    "month" : "JUNE",
    "year" : 2019,
    "dayOfMonth" : 24,
    "hour" : 5,
    "minute" : 38,
    "monthValue" : 6,
    "nano" : 267000000,
    "second" : 47,
    "dayOfWeek" : "MONDAY",
    "dayOfYear" : 175,
    "chronology" : {
      "id" : "ISO",
      "calendarType" : "iso8601"
    }
  },
  "hostName" : "a1ml28565",
  "hostIp" : "172.23.30.81",
  "applicationId" : "REG",
  "applicationName" : "REGISTRATION",
  "sessionUserId" : "110039",
  "sessionUserName" : "Girish Yarru",
  "id" : "110039",
  "idType" : "USER_ID",
  "createdBy" : "Girish Yarru",
  "moduleName" : "Navigation",
  "moduleId" : "REG-MOD-102",
  "description" : "Navigation link: Home",
  "uuid" : "e39678aa-3718-4883-b4c1-0d60e668209d",
  "createdAt" : {
    "month" : "JUNE",
    "year" : 2019,
    "dayOfMonth" : 24,
    "hour" : 11,
    "minute" : 8,
    "monthValue" : 6,
    "nano" : 277000000,
    "second" : 47,
    "dayOfWeek" : "MONDAY",
    "dayOfYear" : 175,
    "chronology" : {
      "id" : "ISO",
      "calendarType" : "iso8601"
    }
  }
}, {
  "eventId" : "REG-EVT-016",
  "eventName" : "NAV_SYNC_DATA",
  "eventType" : "USER",
  "actionTimeStamp" : {
    "month" : "JUNE",
    "year" : 2019,
    "dayOfMonth" : 24,
    "hour" : 5,
    "minute" : 38,
    "monthValue" : 6,
    "nano" : 13000000,
    "second" : 56,
    "dayOfWeek" : "MONDAY",
    "dayOfYear" : 175,
    "chronology" : {
      "id" : "ISO",
      "calendarType" : "iso8601"
    }
  },
  "hostName" : "a1ml28565",
  "hostIp" : "172.23.30.81",
  "applicationId" : "REG",
  "applicationName" : "REGISTRATION",
  "sessionUserId" : "110039",
  "sessionUserName" : "Girish Yarru",
  "id" : "110039",
  "idType" : "USER_ID",
  "createdBy" : "Girish Yarru",
  "moduleName" : "Navigation",
  "moduleId" : "REG-MOD-102",
  "description" : "Navigation link: Sync Data",
  "uuid" : "47b1e1d7-9a4c-4e6a-b1fd-f061cdc6d699",
  "createdAt" : {
    "month" : "JUNE",
    "year" : 2019,
    "dayOfMonth" : 24,
    "hour" : 11,
    "minute" : 8,
    "monthValue" : 6,
    "nano" : 27000000,
    "second" : 56,
    "dayOfWeek" : "MONDAY",
    "dayOfYear" : 175,
    "chronology" : {
      "id" : "ISO",
      "calendarType" : "iso8601"
    }
  }
}, {
  "eventId" : "REG-EVT-001",
  "eventName" : "LOGIN_AUTHENTICATE_USER_ID",
  "eventType" : "USER",
  "actionTimeStamp" : {
    "month" : "JUNE",
    "year" : 2019,
    "dayOfMonth" : 24,
    "hour" : 5,
    "minute" : 43,
    "monthValue" : 6,
    "nano" : 962000000,
    "second" : 30,
    "dayOfWeek" : "MONDAY",
    "dayOfYear" : 175,
    "chronology" : {
      "id" : "ISO",
      "calendarType" : "iso8601"
    }
  },
  "hostName" : "a1ml28565",
  "hostIp" : "172.23.30.81",
  "applicationId" : "REG",
  "applicationName" : "REGISTRATION",
  "sessionUserId" : "NA",
  "sessionUserName" : "NA",
  "id" : "110039",
  "idType" : "USER_ID",
  "createdBy" : "NA",
  "moduleName" : "Login",
  "moduleId" : "REG-MOD-101",
  "description" : "Login authenticating user id: Click of Submit",
  "uuid" : "38dc2117-a594-4fff-b555-9dfabc5c6a7e",
  "createdAt" : {
    "month" : "JUNE",
    "year" : 2019,
    "dayOfMonth" : 24,
    "hour" : 11,
    "minute" : 13,
    "monthValue" : 6,
    "nano" : 64000000,
    "second" : 31,
    "dayOfWeek" : "MONDAY",
    "dayOfYear" : 175,
    "chronology" : {
      "id" : "ISO",
      "calendarType" : "iso8601"
    }
  }
}, {
  "eventId" : "REG-EVT-117",
  "eventName" : "FETCH_USER_DETAILS",
  "eventType" : "USER",
  "actionTimeStamp" : {
    "month" : "JUNE",
    "year" : 2019,
    "dayOfMonth" : 24,
    "hour" : 5,
    "minute" : 43,
    "monthValue" : 6,
    "nano" : 98000000,
    "second" : 31,
    "dayOfWeek" : "MONDAY",
    "dayOfYear" : 175,
    "chronology" : {
      "id" : "ISO",
      "calendarType" : "iso8601"
    }
  },
  "hostName" : "a1ml28565",
  "hostIp" : "172.23.30.81",
  "applicationId" : "REG",
  "applicationName" : "REGISTRATION",
  "sessionUserId" : "NA",
  "sessionUserName" : "NA",
  "id" : "REGISTRATION",
  "idType" : "APPLICATION_ID",
  "createdBy" : "NA",
  "moduleName" : "User Detail",
  "moduleId" : "REG-MOD-126",
  "description" : "Fetching User Details",
  "uuid" : "53f22cdc-b09c-4181-a411-1a8e7e368508",
  "createdAt" : {
    "month" : "JUNE",
    "year" : 2019,
    "dayOfMonth" : 24,
    "hour" : 11,
    "minute" : 13,
    "monthValue" : 6,
    "nano" : 110000000,
    "second" : 31,
    "dayOfWeek" : "MONDAY",
    "dayOfYear" : 175,
    "chronology" : {
      "id" : "ISO",
      "calendarType" : "iso8601"
    }
  }
}, {
  "eventId" : "REG-EVT-114",
  "eventName" : "LOGIN_MODES_FETCH",
  "eventType" : "USER",
  "actionTimeStamp" : {
    "month" : "JUNE",
    "year" : 2019,
    "dayOfMonth" : 24,
    "hour" : 5,
    "minute" : 43,
    "monthValue" : 6,
    "nano" : 630000000,
    "second" : 31,
    "dayOfWeek" : "MONDAY",
    "dayOfYear" : 175,
    "chronology" : {
      "id" : "ISO",
      "calendarType" : "iso8601"
    }
  },
  "hostName" : "a1ml28565",
  "hostIp" : "172.23.30.81",
  "applicationId" : "REG",
  "applicationName" : "REGISTRATION",
  "sessionUserId" : "NA",
  "sessionUserName" : "NA",
  "id" : "REGISTRATION",
  "idType" : "APPLICATION_ID",
  "createdBy" : "NA",
  "moduleName" : "Login Modes",
  "moduleId" : "REG-MOD-123",
  "description" : "Fetching Login Modes",
  "uuid" : "3175b5ce-318c-4fc6-a5fd-d1214a4c63fb",
  "createdAt" : {
    "month" : "JUNE",
    "year" : 2019,
    "dayOfMonth" : 24,
    "hour" : 11,
    "minute" : 13,
    "monthValue" : 6,
    "nano" : 641000000,
    "second" : 31,
    "dayOfWeek" : "MONDAY",
    "dayOfYear" : 175,
    "chronology" : {
      "id" : "ISO",
      "calendarType" : "iso8601"
    }
  }
}, {
  "eventId" : "REG-EVT-002",
  "eventName" : "LOGIN_WITH_PASSWORD",
  "eventType" : "USER",
  "actionTimeStamp" : {
    "month" : "JUNE",
    "year" : 2019,
    "dayOfMonth" : 24,
    "hour" : 5,
    "minute" : 43,
    "monthValue" : 6,
    "nano" : 582000000,
    "second" : 35,
    "dayOfWeek" : "MONDAY",
    "dayOfYear" : 175,
    "chronology" : {
      "id" : "ISO",
      "calendarType" : "iso8601"
    }
  },
  "hostName" : "a1ml28565",
  "hostIp" : "172.23.30.81",
  "applicationId" : "REG",
  "applicationName" : "REGISTRATION",
  "sessionUserId" : "NA",
  "sessionUserName" : "NA",
  "id" : "110039",
  "idType" : "USER_ID",
  "createdBy" : "NA",
  "moduleName" : "Login",
  "moduleId" : "REG-MOD-101",
  "description" : "Login with password: Click of Submit",
  "uuid" : "96dd3ba9-9185-4ac4-9b4b-8b5ce5b1994a",
  "createdAt" : {
    "month" : "JUNE",
    "year" : 2019,
    "dayOfMonth" : 24,
    "hour" : 11,
    "minute" : 13,
    "monthValue" : 6,
    "nano" : 597000000,
    "second" : 35,
    "dayOfWeek" : "MONDAY",
    "dayOfYear" : 175,
    "chronology" : {
      "id" : "ISO",
      "calendarType" : "iso8601"
    }
  }
}, {
  "eventId" : "REG-EVT-117",
  "eventName" : "FETCH_USER_DETAILS",
  "eventType" : "USER",
  "actionTimeStamp" : {
    "month" : "JUNE",
    "year" : 2019,
    "dayOfMonth" : 24,
    "hour" : 5,
    "minute" : 43,
    "monthValue" : 6,
    "nano" : 614000000,
    "second" : 35,
    "dayOfWeek" : "MONDAY",
    "dayOfYear" : 175,
    "chronology" : {
      "id" : "ISO",
      "calendarType" : "iso8601"
    }
  },
  "hostName" : "a1ml28565",
  "hostIp" : "172.23.30.81",
  "applicationId" : "REG",
  "applicationName" : "REGISTRATION",
  "sessionUserId" : "NA",
  "sessionUserName" : "NA",
  "id" : "REGISTRATION",
  "idType" : "APPLICATION_ID",
  "createdBy" : "NA",
  "moduleName" : "User Detail",
  "moduleId" : "REG-MOD-126",
  "description" : "Fetching User Details",
  "uuid" : "82b1f47f-f42a-4667-9608-16fee38417b1",
  "createdAt" : {
    "month" : "JUNE",
    "year" : 2019,
    "dayOfMonth" : 24,
    "hour" : 11,
    "minute" : 13,
    "monthValue" : 6,
    "nano" : 634000000,
    "second" : 35,
    "dayOfWeek" : "MONDAY",
    "dayOfYear" : 175,
    "chronology" : {
      "id" : "ISO",
      "calendarType" : "iso8601"
    }
  }
}, {
  "eventId" : "REG-EVT-114",
  "eventName" : "LOGIN_MODES_FETCH",
  "eventType" : "USER",
  "actionTimeStamp" : {
    "month" : "JUNE",
    "year" : 2019,
    "dayOfMonth" : 24,
    "hour" : 5,
    "minute" : 43,
    "monthValue" : 6,
    "nano" : 659000000,
    "second" : 35,
    "dayOfWeek" : "MONDAY",
    "dayOfYear" : 175,
    "chronology" : {
      "id" : "ISO",
      "calendarType" : "iso8601"
    }
  },
  "hostName" : "a1ml28565",
  "hostIp" : "172.23.30.81",
  "applicationId" : "REG",
  "applicationName" : "REGISTRATION",
  "sessionUserId" : "NA",
  "sessionUserName" : "NA",
  "id" : "REGISTRATION",
  "idType" : "APPLICATION_ID",
  "createdBy" : "NA",
  "moduleName" : "Login Modes",
  "moduleId" : "REG-MOD-123",
  "description" : "Fetching Login Modes",
  "uuid" : "94873a71-6758-49fe-a7a8-2be9d908944e",
  "createdAt" : {
    "month" : "JUNE",
    "year" : 2019,
    "dayOfMonth" : 24,
    "hour" : 11,
    "minute" : 13,
    "monthValue" : 6,
    "nano" : 674000000,
    "second" : 35,
    "dayOfWeek" : "MONDAY",
    "dayOfYear" : 175,
    "chronology" : {
      "id" : "ISO",
      "calendarType" : "iso8601"
    }
  }
}, {
  "eventId" : "REG-EVT-117",
  "eventName" : "FETCH_USER_DETAILS",
  "eventType" : "USER",
  "actionTimeStamp" : {
    "month" : "JUNE",
    "year" : 2019,
    "dayOfMonth" : 24,
    "hour" : 5,
    "minute" : 43,
    "monthValue" : 6,
    "nano" : 688000000,
    "second" : 35,
    "dayOfWeek" : "MONDAY",
    "dayOfYear" : 175,
    "chronology" : {
      "id" : "ISO",
      "calendarType" : "iso8601"
    }
  },
  "hostName" : "a1ml28565",
  "hostIp" : "172.23.30.81",
  "applicationId" : "REG",
  "applicationName" : "REGISTRATION",
  "sessionUserId" : "NA",
  "sessionUserName" : "NA",
  "id" : "REGISTRATION",
  "idType" : "APPLICATION_ID",
  "createdBy" : "NA",
  "moduleName" : "User Detail",
  "moduleId" : "REG-MOD-126",
  "description" : "Fetching User Details",
  "uuid" : "c8823014-87d1-493f-a3ea-6c4b95b53db6",
  "createdAt" : {
    "month" : "JUNE",
    "year" : 2019,
    "dayOfMonth" : 24,
    "hour" : 11,
    "minute" : 13,
    "monthValue" : 6,
    "nano" : 704000000,
    "second" : 35,
    "dayOfWeek" : "MONDAY",
    "dayOfYear" : 175,
    "chronology" : {
      "id" : "ISO",
      "calendarType" : "iso8601"
    }
  }
}, {
  "eventId" : "REG-EVT-119",
  "eventName" : "FETCH_CENTER_DETAILS",
  "eventType" : "USER",
  "actionTimeStamp" : {
    "month" : "JUNE",
    "year" : 2019,
    "dayOfMonth" : 24,
    "hour" : 5,
    "minute" : 43,
    "monthValue" : 6,
    "nano" : 728000000,
    "second" : 35,
    "dayOfWeek" : "MONDAY",
    "dayOfYear" : 175,
    "chronology" : {
      "id" : "ISO",
      "calendarType" : "iso8601"
    }
  },
  "hostName" : "a1ml28565",
  "hostIp" : "172.23.30.81",
  "applicationId" : "REG",
  "applicationName" : "REGISTRATION",
  "sessionUserId" : "110039",
  "sessionUserName" : "Girish Yarru",
  "id" : "REGISTRATION",
  "idType" : "APPLICATION_ID",
  "createdBy" : "Girish Yarru",
  "moduleName" : "Center Detail",
  "moduleId" : "REG-MOD-128",
  "description" : "Fetching Center Details",
  "uuid" : "c82deb43-46ac-426f-ae17-a7592bf36898",
  "createdAt" : {
    "month" : "JUNE",
    "year" : 2019,
    "dayOfMonth" : 24,
    "hour" : 11,
    "minute" : 13,
    "monthValue" : 6,
    "nano" : 742000000,
    "second" : 35,
    "dayOfWeek" : "MONDAY",
    "dayOfYear" : 175,
    "chronology" : {
      "id" : "ISO",
      "calendarType" : "iso8601"
    }
  }
}, {
  "eventId" : "REG-EVT-121",
  "eventName" : "FETCH_SCREEN_AUTH",
  "eventType" : "USER",
  "actionTimeStamp" : {
    "month" : "JUNE",
    "year" : 2019,
    "dayOfMonth" : 24,
    "hour" : 5,
    "minute" : 43,
    "monthValue" : 6,
    "nano" : 761000000,
    "second" : 35,
    "dayOfWeek" : "MONDAY",
    "dayOfYear" : 175,
    "chronology" : {
      "id" : "ISO",
      "calendarType" : "iso8601"
    }
  },
  "hostName" : "a1ml28565",
  "hostIp" : "172.23.30.81",
  "applicationId" : "REG",
  "applicationName" : "REGISTRATION",
  "sessionUserId" : "110039",
  "sessionUserName" : "Girish Yarru",
  "id" : "REGISTRATION",
  "idType" : "APPLICATION_ID",
  "createdBy" : "Girish Yarru",
  "moduleName" : "Screen AUthorization",
  "moduleId" : "REG-MOD-130",
  "description" : "Fetching screens to be authorized",
  "uuid" : "240b02f2-8e0a-4569-82d1-501eac5b789c",
  "createdAt" : {
    "month" : "JUNE",
    "year" : 2019,
    "dayOfMonth" : 24,
    "hour" : 11,
    "minute" : 13,
    "monthValue" : 6,
    "nano" : 776000000,
    "second" : 35,
    "dayOfWeek" : "MONDAY",
    "dayOfYear" : 175,
    "chronology" : {
      "id" : "ISO",
      "calendarType" : "iso8601"
    }
  }
}, {
  "eventId" : "REG-EVT-021",
  "eventName" : "NAV_HOME",
  "eventType" : "SYSTEM",
  "actionTimeStamp" : {
    "month" : "JUNE",
    "year" : 2019,
    "dayOfMonth" : 24,
    "hour" : 5,
    "minute" : 43,
    "monthValue" : 6,
    "nano" : 866000000,
    "second" : 35,
    "dayOfWeek" : "MONDAY",
    "dayOfYear" : 175,
    "chronology" : {
      "id" : "ISO",
      "calendarType" : "iso8601"
    }
  },
  "hostName" : "a1ml28565",
  "hostIp" : "172.23.30.81",
  "applicationId" : "REG",
  "applicationName" : "REGISTRATION",
  "sessionUserId" : "110039",
  "sessionUserName" : "Girish Yarru",
  "id" : "110039",
  "idType" : "USER_ID",
  "createdBy" : "Girish Yarru",
  "moduleName" : "Login",
  "moduleId" : "REG-MOD-101",
  "description" : "Navigation link: Home",
  "uuid" : "f5ed5596-701a-4940-a2e8-8f98246b4a88",
  "createdAt" : {
    "month" : "JUNE",
    "year" : 2019,
    "dayOfMonth" : 24,
    "hour" : 11,
    "minute" : 13,
    "monthValue" : 6,
    "nano" : 884000000,
    "second" : 35,
    "dayOfWeek" : "MONDAY",
    "dayOfYear" : 175,
    "chronology" : {
      "id" : "ISO",
      "calendarType" : "iso8601"
    }
  }
}, {
  "eventId" : "REG-EVT-125",
  "eventName" : "PACKET_RETRIVE",
  "eventType" : "USER",
  "actionTimeStamp" : {
    "month" : "JUNE",
    "year" : 2019,
    "dayOfMonth" : 24,
    "hour" : 5,
    "minute" : 43,
    "monthValue" : 6,
    "nano" : 35000000,
    "second" : 36,
    "dayOfWeek" : "MONDAY",
    "dayOfYear" : 175,
    "chronology" : {
      "id" : "ISO",
      "calendarType" : "iso8601"
    }
  },
  "hostName" : "a1ml28565",
  "hostIp" : "172.23.30.81",
  "applicationId" : "REG",
  "applicationName" : "REGISTRATION",
  "sessionUserId" : "110039",
  "sessionUserName" : "Girish Yarru",
  "id" : "110039",
  "idType" : "USER_ID",
  "createdBy" : "Girish Yarru",
  "moduleName" : "Packet Retrive for Approval",
  "moduleId" : "REG-MOD-131",
  "description" : "Packets which are in created state for approval are retrived",
  "uuid" : "37e001c4-b0f4-48ef-8dfd-700af5c7d944",
  "createdAt" : {
    "month" : "JUNE",
    "year" : 2019,
    "dayOfMonth" : 24,
    "hour" : 11,
    "minute" : 13,
    "monthValue" : 6,
    "nano" : 43000000,
    "second" : 36,
    "dayOfWeek" : "MONDAY",
    "dayOfYear" : 175,
    "chronology" : {
      "id" : "ISO",
      "calendarType" : "iso8601"
    }
  }
}, {
  "eventId" : "REG-EVT-125",
  "eventName" : "PACKET_RETRIVE",
  "eventType" : "USER",
  "actionTimeStamp" : {
    "month" : "JUNE",
    "year" : 2019,
    "dayOfMonth" : 24,
    "hour" : 5,
    "minute" : 43,
    "monthValue" : 6,
    "nano" : 64000000,
    "second" : 36,
    "dayOfWeek" : "MONDAY",
    "dayOfYear" : 175,
    "chronology" : {
      "id" : "ISO",
      "calendarType" : "iso8601"
    }
  },
  "hostName" : "a1ml28565",
  "hostIp" : "172.23.30.81",
  "applicationId" : "REG",
  "applicationName" : "REGISTRATION",
  "sessionUserId" : "110039",
  "sessionUserName" : "Girish Yarru",
  "id" : "110039",
  "idType" : "USER_ID",
  "createdBy" : "Girish Yarru",
  "moduleName" : "Packet Retrive for Approval",
  "moduleId" : "REG-MOD-131",
  "description" : "Packets which are in created state for approval are retrived",
  "uuid" : "3b52b3bc-2384-4be8-a068-68d82b9723eb",
  "createdAt" : {
    "month" : "JUNE",
    "year" : 2019,
    "dayOfMonth" : 24,
    "hour" : 11,
    "minute" : 13,
    "monthValue" : 6,
    "nano" : 78000000,
    "second" : 36,
    "dayOfWeek" : "MONDAY",
    "dayOfYear" : 175,
    "chronology" : {
      "id" : "ISO",
      "calendarType" : "iso8601"
    }
  }
}, {
  "eventId" : "REG-EVT-021",
  "eventName" : "NAV_HOME",
  "eventType" : "SYSTEM",
  "actionTimeStamp" : {
    "month" : "JUNE",
    "year" : 2019,
    "dayOfMonth" : 24,
    "hour" : 5,
    "minute" : 43,
    "monthValue" : 6,
    "nano" : 140000000,
    "second" : 36,
    "dayOfWeek" : "MONDAY",
    "dayOfYear" : 175,
    "chronology" : {
      "id" : "ISO",
      "calendarType" : "iso8601"
    }
  },
  "hostName" : "a1ml28565",
  "hostIp" : "172.23.30.81",
  "applicationId" : "REG",
  "applicationName" : "REGISTRATION",
  "sessionUserId" : "110039",
  "sessionUserName" : "Girish Yarru",
  "id" : "110039",
  "idType" : "USER_ID",
  "createdBy" : "Girish Yarru",
  "moduleName" : "Navigation",
  "moduleId" : "REG-MOD-102",
  "description" : "Navigation link: Home",
  "uuid" : "de1065cf-073b-4985-9f61-d6fa445734be",
  "createdAt" : {
    "month" : "JUNE",
    "year" : 2019,
    "dayOfMonth" : 24,
    "hour" : 11,
    "minute" : 13,
    "monthValue" : 6,
    "nano" : 148000000,
    "second" : 36,
    "dayOfWeek" : "MONDAY",
    "dayOfYear" : 175,
    "chronology" : {
      "id" : "ISO",
      "calendarType" : "iso8601"
    }
  }
}, {
  "eventId" : "REG-EVT-010",
  "eventName" : "NAV_NEW_REG",
  "eventType" : "USER",
  "actionTimeStamp" : {
    "month" : "JUNE",
    "year" : 2019,
    "dayOfMonth" : 24,
    "hour" : 5,
    "minute" : 43,
    "monthValue" : 6,
    "nano" : 228000000,
    "second" : 41,
    "dayOfWeek" : "MONDAY",
    "dayOfYear" : 175,
    "chronology" : {
      "id" : "ISO",
      "calendarType" : "iso8601"
    }
  },
  "hostName" : "a1ml28565",
  "hostIp" : "172.23.30.81",
  "applicationId" : "REG",
  "applicationName" : "REGISTRATION",
  "sessionUserId" : "110039",
  "sessionUserName" : "Girish Yarru",
  "id" : "110039",
  "idType" : "USER_ID",
  "createdBy" : "Girish Yarru",
  "moduleName" : "Navigation",
  "moduleId" : "REG-MOD-102",
  "description" : "Click of navigation link: New Registration",
  "uuid" : "4b86b8ec-eba2-4786-8214-7e5d31edbb40",
  "createdAt" : {
    "month" : "JUNE",
    "year" : 2019,
    "dayOfMonth" : 24,
    "hour" : 11,
    "minute" : 13,
    "monthValue" : 6,
    "nano" : 236000000,
    "second" : 41,
    "dayOfWeek" : "MONDAY",
    "dayOfYear" : 175,
    "chronology" : {
      "id" : "ISO",
      "calendarType" : "iso8601"
    }
  }
}, {
  "eventId" : "REG-EVT-128",
  "eventName" : "PENDING_PKT_COUNT_VALIDATION",
  "eventType" : "USER",
  "actionTimeStamp" : {
    "month" : "JUNE",
    "year" : 2019,
    "dayOfMonth" : 24,
    "hour" : 5,
    "minute" : 43,
    "monthValue" : 6,
    "nano" : 667000000,
    "second" : 42,
    "dayOfWeek" : "MONDAY",
    "dayOfYear" : 175,
    "chronology" : {
      "id" : "ISO",
      "calendarType" : "iso8601"
    }
  },
  "hostName" : "a1ml28565",
  "hostIp" : "172.23.30.81",
  "applicationId" : "REG",
  "applicationName" : "REGISTRATION",
  "sessionUserId" : "110039",
  "sessionUserName" : "Girish Yarru",
  "id" : "REGISTRATION",
  "idType" : "APPLICATION_ID",
  "createdBy" : "Girish Yarru",
  "moduleName" : "Sync service",
  "moduleId" : "REG-MOD-133",
  "description" : "Validating the Pending packets count",
  "uuid" : "3ff66071-e004-4884-9eb3-68ff7e4dd18d",
  "createdAt" : {
    "month" : "JUNE",
    "year" : 2019,
    "dayOfMonth" : 24,
    "hour" : 11,
    "minute" : 13,
    "monthValue" : 6,
    "nano" : 678000000,
    "second" : 42,
    "dayOfWeek" : "MONDAY",
    "dayOfYear" : 175,
    "chronology" : {
      "id" : "ISO",
      "calendarType" : "iso8601"
    }
  }
}, {
  "eventId" : "REG-EVT-129",
  "eventName" : "PENDING_PKT_DURATION_VALIDATION",
  "eventType" : "USER",
  "actionTimeStamp" : {
    "month" : "JUNE",
    "year" : 2019,
    "dayOfMonth" : 24,
    "hour" : 5,
    "minute" : 43,
    "monthValue" : 6,
    "nano" : 691000000,
    "second" : 42,
    "dayOfWeek" : "MONDAY",
    "dayOfYear" : 175,
    "chronology" : {
      "id" : "ISO",
      "calendarType" : "iso8601"
    }
  },
  "hostName" : "a1ml28565",
  "hostIp" : "172.23.30.81",
  "applicationId" : "REG",
  "applicationName" : "REGISTRATION",
  "sessionUserId" : "110039",
  "sessionUserName" : "Girish Yarru",
  "id" : "REGISTRATION",
  "idType" : "APPLICATION_ID",
  "createdBy" : "Girish Yarru",
  "moduleName" : "Sync service",
  "moduleId" : "REG-MOD-133",
  "description" : "Validating the Pending packets Duration",
  "uuid" : "d3aab40e-6fca-4197-a217-bc4a7b29b4ac",
  "createdAt" : {
    "month" : "JUNE",
    "year" : 2019,
    "dayOfMonth" : 24,
    "hour" : 11,
    "minute" : 13,
    "monthValue" : 6,
    "nano" : 703000000,
    "second" : 42,
    "dayOfWeek" : "MONDAY",
    "dayOfYear" : 175,
    "chronology" : {
      "id" : "ISO",
      "calendarType" : "iso8601"
    }
  }
}, {
  "eventId" : "REG-EVT-122",
  "eventName" : "SYNC_JOB_INFO_FETCH",
  "eventType" : "USER",
  "actionTimeStamp" : {
    "month" : "JUNE",
    "year" : 2019,
    "dayOfMonth" : 24,
    "hour" : 5,
    "minute" : 43,
    "monthValue" : 6,
    "nano" : 745000000,
    "second" : 42,
    "dayOfWeek" : "MONDAY",
    "dayOfYear" : 175,
    "chronology" : {
      "id" : "ISO",
      "calendarType" : "iso8601"
    }
  },
  "hostName" : "a1ml28565",
  "hostIp" : "172.23.30.81",
  "applicationId" : "REG",
  "applicationName" : "REGISTRATION",
  "sessionUserId" : "110039",
  "sessionUserName" : "Girish Yarru",
  "id" : "110039",
  "idType" : "USER_ID",
  "createdBy" : "Girish Yarru",
  "moduleName" : "Sync service",
  "moduleId" : "REG-MOD-133",
  "description" : "SyncJobInfo containing the sync control list and yet to export packet count fetched successfully",
  "uuid" : "662bccb1-9259-469e-8092-5a2c1e51844a",
  "createdAt" : {
    "month" : "JUNE",
    "year" : 2019,
    "dayOfMonth" : 24,
    "hour" : 11,
    "minute" : 13,
    "monthValue" : 6,
    "nano" : 759000000,
    "second" : 42,
    "dayOfWeek" : "MONDAY",
    "dayOfYear" : 175,
    "chronology" : {
      "id" : "ISO",
      "calendarType" : "iso8601"
    }
  }
}, {
  "eventId" : "REG-EVT-127",
  "eventName" : "SYNC_GEO_VALIDATE",
  "eventType" : "USER",
  "actionTimeStamp" : {
    "month" : "JUNE",
    "year" : 2019,
    "dayOfMonth" : 24,
    "hour" : 5,
    "minute" : 43,
    "monthValue" : 6,
    "nano" : 772000000,
    "second" : 42,
    "dayOfWeek" : "MONDAY",
    "dayOfYear" : 175,
    "chronology" : {
      "id" : "ISO",
      "calendarType" : "iso8601"
    }
  },
  "hostName" : "a1ml28565",
  "hostIp" : "172.23.30.81",
  "applicationId" : "REG",
  "applicationName" : "REGISTRATION",
  "sessionUserId" : "110039",
  "sessionUserName" : "Girish Yarru",
  "id" : "REGISTRATION",
  "idType" : "APPLICATION_ID",
  "createdBy" : "Girish Yarru",
  "moduleName" : "Sync service",
  "moduleId" : "REG-MOD-133",
  "description" : "Validating the geo information ended successfully",
  "uuid" : "03195d18-eef3-482f-9b9d-297e032bcce1",
  "createdAt" : {
    "month" : "JUNE",
    "year" : 2019,
    "dayOfMonth" : 24,
    "hour" : 11,
    "minute" : 13,
    "monthValue" : 6,
    "nano" : 782000000,
    "second" : 42,
    "dayOfWeek" : "MONDAY",
    "dayOfYear" : 175,
    "chronology" : {
      "id" : "ISO",
      "calendarType" : "iso8601"
    }
  }
}, {
  "eventId" : "REG-EVT-123",
  "eventName" : "SYNC_INFO_VALIDATION",
  "eventType" : "USER",
  "actionTimeStamp" : {
    "month" : "JUNE",
    "year" : 2019,
    "dayOfMonth" : 24,
    "hour" : 5,
    "minute" : 43,
    "monthValue" : 6,
    "nano" : 789000000,
    "second" : 42,
    "dayOfWeek" : "MONDAY",
    "dayOfYear" : 175,
    "chronology" : {
      "id" : "ISO",
      "calendarType" : "iso8601"
    }
  },
  "hostName" : "a1ml28565",
  "hostIp" : "172.23.30.81",
  "applicationId" : "REG",
  "applicationName" : "REGISTRATION",
  "sessionUserId" : "110039",
  "sessionUserName" : "Girish Yarru",
  "id" : "REGISTRATION",
  "idType" : "APPLICATION_ID",
  "createdBy" : "Girish Yarru",
  "moduleName" : "Sync service",
  "moduleId" : "REG-MOD-133",
  "description" : "Validating the sync status ended successfully",
  "uuid" : "1551b268-3ebe-453c-9387-9358ec85fce1",
  "createdAt" : {
    "month" : "JUNE",
    "year" : 2019,
    "dayOfMonth" : 24,
    "hour" : 11,
    "minute" : 13,
    "monthValue" : 6,
    "nano" : 799000000,
    "second" : 42,
    "dayOfWeek" : "MONDAY",
    "dayOfYear" : 175,
    "chronology" : {
      "id" : "ISO",
      "calendarType" : "iso8601"
    }
  }
}, {
  "eventId" : "REG-EVT-139",
  "eventName" : "SAVE_DETAIL_TO_DTO",
  "eventType" : "USER",
  "actionTimeStamp" : {
    "month" : "JUNE",
    "year" : 2019,
    "dayOfMonth" : 24,
    "hour" : 5,
    "minute" : 45,
    "monthValue" : 6,
    "nano" : 860000000,
    "second" : 36,
    "dayOfWeek" : "MONDAY",
    "dayOfYear" : 175,
    "chronology" : {
      "id" : "ISO",
      "calendarType" : "iso8601"
    }
  },
  "hostName" : "a1ml28565",
  "hostIp" : "172.23.30.81",
  "applicationId" : "REG",
  "applicationName" : "REGISTRATION",
  "sessionUserId" : "110039",
  "sessionUserName" : "Girish Yarru",
  "id" : "110039",
  "idType" : "UserID",
  "createdBy" : "Girish Yarru",
  "moduleName" : "Registration initialization",
  "moduleId" : "REG-MOD-140",
  "description" : "Saving the details to DTO",
  "uuid" : "731a56d5-e1f2-46d8-8bab-3a298a741146",
  "createdAt" : {
    "month" : "JUNE",
    "year" : 2019,
    "dayOfMonth" : 24,
    "hour" : 11,
    "minute" : 15,
    "monthValue" : 6,
    "nano" : 872000000,
    "second" : 36,
    "dayOfWeek" : "MONDAY",
    "dayOfYear" : 175,
    "chronology" : {
      "id" : "ISO",
      "calendarType" : "iso8601"
    }
  }
}, {
  "eventId" : "REG-EVT-025",
  "eventName" : "REG_DEMO_NEXT",
  "eventType" : "USER",
  "actionTimeStamp" : {
    "month" : "JUNE",
    "year" : 2019,
    "dayOfMonth" : 24,
    "hour" : 5,
    "minute" : 45,
    "monthValue" : 6,
    "nano" : 63000000,
    "second" : 37,
    "dayOfWeek" : "MONDAY",
    "dayOfYear" : 175,
    "chronology" : {
      "id" : "ISO",
      "calendarType" : "iso8601"
    }
  },
  "hostName" : "a1ml28565",
  "hostIp" : "172.23.30.81",
  "applicationId" : "REG",
  "applicationName" : "REGISTRATION",
  "sessionUserId" : "110039",
  "sessionUserName" : "Girish Yarru",
  "id" : "110039",
  "idType" : "USER_ID",
  "createdBy" : "Girish Yarru",
  "moduleName" : "Registration: DemographicsDetails",
  "moduleId" : "REG-MOD-103",
  "description" : "Click of Next after capturing demographic details",
  "uuid" : "017d429c-46ae-465d-b796-ced07ecd8faf",
  "createdAt" : {
    "month" : "JUNE",
    "year" : 2019,
    "dayOfMonth" : 24,
    "hour" : 11,
    "minute" : 15,
    "monthValue" : 6,
    "nano" : 75000000,
    "second" : 37,
    "dayOfWeek" : "MONDAY",
    "dayOfYear" : 175,
    "chronology" : {
      "id" : "ISO",
      "calendarType" : "iso8601"
    }
  }
}, {
  "eventId" : "REG-EVT-026",
  "eventName" : "REG_DOC_POA_SCAN",
  "eventType" : "USER",
  "actionTimeStamp" : {
    "month" : "JUNE",
    "year" : 2019,
    "dayOfMonth" : 24,
    "hour" : 5,
    "minute" : 45,
    "monthValue" : 6,
    "nano" : 54000000,
    "second" : 40,
    "dayOfWeek" : "MONDAY",
    "dayOfYear" : 175,
    "chronology" : {
      "id" : "ISO",
      "calendarType" : "iso8601"
    }
  },
  "hostName" : "a1ml28565",
  "hostIp" : "172.23.30.81",
  "applicationId" : "REG",
  "applicationName" : "REGISTRATION",
  "sessionUserId" : "110039",
  "sessionUserName" : "Girish Yarru",
  "id" : "110039",
  "idType" : "USER_ID",
  "createdBy" : "Girish Yarru",
  "moduleName" : "Registration: Documents",
  "moduleId" : "REG-MOD-104",
  "description" : "PoA: Click of Scan",
  "uuid" : "d2c54112-f3df-41c7-8acd-2c895cab1013",
  "createdAt" : {
    "month" : "JUNE",
    "year" : 2019,
    "dayOfMonth" : 24,
    "hour" : 11,
    "minute" : 15,
    "monthValue" : 6,
    "nano" : 65000000,
    "second" : 40,
    "dayOfWeek" : "MONDAY",
    "dayOfYear" : 175,
    "chronology" : {
      "id" : "ISO",
      "calendarType" : "iso8601"
    }
  }
}, {
  "eventId" : "REG-EVT-029",
  "eventName" : "REG_DOC_POI_SCAN",
  "eventType" : "USER",
  "actionTimeStamp" : {
    "month" : "JUNE",
    "year" : 2019,
    "dayOfMonth" : 24,
    "hour" : 5,
    "minute" : 45,
    "monthValue" : 6,
    "nano" : 497000000,
    "second" : 44,
    "dayOfWeek" : "MONDAY",
    "dayOfYear" : 175,
    "chronology" : {
      "id" : "ISO",
      "calendarType" : "iso8601"
    }
  },
  "hostName" : "a1ml28565",
  "hostIp" : "172.23.30.81",
  "applicationId" : "REG",
  "applicationName" : "REGISTRATION",
  "sessionUserId" : "110039",
  "sessionUserName" : "Girish Yarru",
  "id" : "110039",
  "idType" : "USER_ID",
  "createdBy" : "Girish Yarru",
  "moduleName" : "Registration: Documents",
  "moduleId" : "REG-MOD-104",
  "description" : "PoI: Click of Scan",
  "uuid" : "00b0de5b-6894-4819-b79f-f3b25accd75e",
  "createdAt" : {
    "month" : "JUNE",
    "year" : 2019,
    "dayOfMonth" : 24,
    "hour" : 11,
    "minute" : 15,
    "monthValue" : 6,
    "nano" : 507000000,
    "second" : 44,
    "dayOfWeek" : "MONDAY",
    "dayOfYear" : 175,
    "chronology" : {
      "id" : "ISO",
      "calendarType" : "iso8601"
    }
  }
}, {
  "eventId" : "REG-EVT-032",
  "eventName" : "REG_DOC_POR_SCAN",
  "eventType" : "USER",
  "actionTimeStamp" : {
    "month" : "JUNE",
    "year" : 2019,
    "dayOfMonth" : 24,
    "hour" : 5,
    "minute" : 45,
    "monthValue" : 6,
    "nano" : 87000000,
    "second" : 49,
    "dayOfWeek" : "MONDAY",
    "dayOfYear" : 175,
    "chronology" : {
      "id" : "ISO",
      "calendarType" : "iso8601"
    }
  },
  "hostName" : "a1ml28565",
  "hostIp" : "172.23.30.81",
  "applicationId" : "REG",
  "applicationName" : "REGISTRATION",
  "sessionUserId" : "110039",
  "sessionUserName" : "Girish Yarru",
  "id" : "110039",
  "idType" : "USER_ID",
  "createdBy" : "Girish Yarru",
  "moduleName" : "Registration: Documents",
  "moduleId" : "REG-MOD-104",
  "description" : "PoR: Click of Scan",
  "uuid" : "6790e3b3-e2b7-4768-8cf2-d0578c72ecfb",
  "createdAt" : {
    "month" : "JUNE",
    "year" : 2019,
    "dayOfMonth" : 24,
    "hour" : 11,
    "minute" : 15,
    "monthValue" : 6,
    "nano" : 99000000,
    "second" : 49,
    "dayOfWeek" : "MONDAY",
    "dayOfYear" : 175,
    "chronology" : {
      "id" : "ISO",
      "calendarType" : "iso8601"
    }
  }
}, {
  "eventId" : "REG-EVT-038",
  "eventName" : "REG_DOC_NEXT",
  "eventType" : "USER",
  "actionTimeStamp" : {
    "month" : "JUNE",
    "year" : 2019,
    "dayOfMonth" : 24,
    "hour" : 5,
    "minute" : 45,
    "monthValue" : 6,
    "nano" : 294000000,
    "second" : 52,
    "dayOfWeek" : "MONDAY",
    "dayOfYear" : 175,
    "chronology" : {
      "id" : "ISO",
      "calendarType" : "iso8601"
    }
  },
  "hostName" : "a1ml28565",
  "hostIp" : "172.23.30.81",
  "applicationId" : "REG",
  "applicationName" : "REGISTRATION",
  "sessionUserId" : "110039",
  "sessionUserName" : "Girish Yarru",
  "id" : "110039",
  "idType" : "USER_ID",
  "createdBy" : "Girish Yarru",
  "moduleName" : "Registration: Documents",
  "moduleId" : "REG-MOD-104",
  "description" : "Click of Next after uploading documents",
  "uuid" : "2246b438-7106-40b9-a7c2-2c57f84bbfc3",
  "createdAt" : {
    "month" : "JUNE",
    "year" : 2019,
    "dayOfMonth" : 24,
    "hour" : 11,
    "minute" : 15,
    "monthValue" : 6,
    "nano" : 307000000,
    "second" : 52,
    "dayOfWeek" : "MONDAY",
    "dayOfYear" : 175,
    "chronology" : {
      "id" : "ISO",
      "calendarType" : "iso8601"
    }
  }
}, {
  "eventId" : "REG-EVT-043",
  "eventName" : "REG_BIO_LEFT_SLAP_SCAN",
  "eventType" : "USER",
  "actionTimeStamp" : {
    "month" : "JUNE",
    "year" : 2019,
    "dayOfMonth" : 24,
    "hour" : 5,
    "minute" : 45,
    "monthValue" : 6,
    "nano" : 387000000,
    "second" : 54,
    "dayOfWeek" : "MONDAY",
    "dayOfYear" : 175,
    "chronology" : {
      "id" : "ISO",
      "calendarType" : "iso8601"
    }
  },
  "hostName" : "a1ml28565",
  "hostIp" : "172.23.30.81",
  "applicationId" : "REG",
  "applicationName" : "REGISTRATION",
  "sessionUserId" : "110039",
  "sessionUserName" : "Girish Yarru",
  "id" : "110039",
  "idType" : "USER_ID",
  "createdBy" : "Girish Yarru",
  "moduleName" : "Registration: Biometrics",
  "moduleId" : "REG-MOD-105",
  "description" : "Fingerprints: Scan of left slap",
  "uuid" : "907b3ddb-db37-4135-8612-50d92cb51a62",
  "createdAt" : {
    "month" : "JUNE",
    "year" : 2019,
    "dayOfMonth" : 24,
    "hour" : 11,
    "minute" : 15,
    "monthValue" : 6,
    "nano" : 400000000,
    "second" : 54,
    "dayOfWeek" : "MONDAY",
    "dayOfYear" : 175,
    "chronology" : {
      "id" : "ISO",
      "calendarType" : "iso8601"
    }
  }
}, {
  "eventId" : "REG-EVT-044",
  "eventName" : "REG_BIO_RIGHT_SLAP_SCAN",
  "eventType" : "USER",
  "actionTimeStamp" : {
    "month" : "JUNE",
    "year" : 2019,
    "dayOfMonth" : 24,
    "hour" : 5,
    "minute" : 45,
    "monthValue" : 6,
    "nano" : 86000000,
    "second" : 58,
    "dayOfWeek" : "MONDAY",
    "dayOfYear" : 175,
    "chronology" : {
      "id" : "ISO",
      "calendarType" : "iso8601"
    }
  },
  "hostName" : "a1ml28565",
  "hostIp" : "172.23.30.81",
  "applicationId" : "REG",
  "applicationName" : "REGISTRATION",
  "sessionUserId" : "110039",
  "sessionUserName" : "Girish Yarru",
  "id" : "110039",
  "idType" : "USER_ID",
  "createdBy" : "Girish Yarru",
  "moduleName" : "Registration: Biometrics",
  "moduleId" : "REG-MOD-105",
  "description" : "Fingerprints: Scan of right slap",
  "uuid" : "8f811c80-455d-4156-b109-7dfe0371d67f",
  "createdAt" : {
    "month" : "JUNE",
    "year" : 2019,
    "dayOfMonth" : 24,
    "hour" : 11,
    "minute" : 15,
    "monthValue" : 6,
    "nano" : 102000000,
    "second" : 58,
    "dayOfWeek" : "MONDAY",
    "dayOfYear" : 175,
    "chronology" : {
      "id" : "ISO",
      "calendarType" : "iso8601"
    }
  }
}, {
  "eventId" : "REG-EVT-045",
  "eventName" : "REG_BIO_THUMBS_SCAN",
  "eventType" : "USER",
  "actionTimeStamp" : {
    "month" : "JUNE",
    "year" : 2019,
    "dayOfMonth" : 24,
    "hour" : 5,
    "minute" : 46,
    "monthValue" : 6,
    "nano" : 9000000,
    "second" : 1,
    "dayOfWeek" : "MONDAY",
    "dayOfYear" : 175,
    "chronology" : {
      "id" : "ISO",
      "calendarType" : "iso8601"
    }
  },
  "hostName" : "a1ml28565",
  "hostIp" : "172.23.30.81",
  "applicationId" : "REG",
  "applicationName" : "REGISTRATION",
  "sessionUserId" : "110039",
  "sessionUserName" : "Girish Yarru",
  "id" : "110039",
  "idType" : "USER_ID",
  "createdBy" : "Girish Yarru",
  "moduleName" : "Registration: Biometrics",
  "moduleId" : "REG-MOD-105",
  "description" : "Fingerprints: Scan of thumbs",
  "uuid" : "4505e076-2a29-4dbb-b6a6-409c3b9c2a13",
  "createdAt" : {
    "month" : "JUNE",
    "year" : 2019,
    "dayOfMonth" : 24,
    "hour" : 11,
    "minute" : 16,
    "monthValue" : 6,
    "nano" : 26000000,
    "second" : 1,
    "dayOfWeek" : "MONDAY",
    "dayOfYear" : 175,
    "chronology" : {
      "id" : "ISO",
      "calendarType" : "iso8601"
    }
  }
}, {
  "eventId" : "REG-EVT-046",
  "eventName" : "REG_BIO_FINGERPRINT_NEXT",
  "eventType" : "USER",
  "actionTimeStamp" : {
    "month" : "JUNE",
    "year" : 2019,
    "dayOfMonth" : 24,
    "hour" : 5,
    "minute" : 46,
    "monthValue" : 6,
    "nano" : 326000000,
    "second" : 4,
    "dayOfWeek" : "MONDAY",
    "dayOfYear" : 175,
    "chronology" : {
      "id" : "ISO",
      "calendarType" : "iso8601"
    }
  },
  "hostName" : "a1ml28565",
  "hostIp" : "172.23.30.81",
  "applicationId" : "REG",
  "applicationName" : "REGISTRATION",
  "sessionUserId" : "110039",
  "sessionUserName" : "Girish Yarru",
  "id" : "110039",
  "idType" : "USER_ID",
  "createdBy" : "Girish Yarru",
  "moduleName" : "Registration: Biometrics",
  "moduleId" : "REG-MOD-105",
  "description" : "Click of Next after capturing fingerprints",
  "uuid" : "dee3908c-3926-4dcc-a31b-43834b738992",
  "createdAt" : {
    "month" : "JUNE",
    "year" : 2019,
    "dayOfMonth" : 24,
    "hour" : 11,
    "minute" : 16,
    "monthValue" : 6,
    "nano" : 338000000,
    "second" : 4,
    "dayOfWeek" : "MONDAY",
    "dayOfYear" : 175,
    "chronology" : {
      "id" : "ISO",
      "calendarType" : "iso8601"
    }
  }
}, {
  "eventId" : "REG-EVT-048",
  "eventName" : "REG_BIO_IRIS_SCAN",
  "eventType" : "USER",
  "actionTimeStamp" : {
    "month" : "JUNE",
    "year" : 2019,
    "dayOfMonth" : 24,
    "hour" : 5,
    "minute" : 46,
    "monthValue" : 6,
    "nano" : 296000000,
    "second" : 6,
    "dayOfWeek" : "MONDAY",
    "dayOfYear" : 175,
    "chronology" : {
      "id" : "ISO",
      "calendarType" : "iso8601"
    }
  },
  "hostName" : "a1ml28565",
  "hostIp" : "172.23.30.81",
  "applicationId" : "REG",
  "applicationName" : "REGISTRATION",
  "sessionUserId" : "110039",
  "sessionUserName" : "Girish Yarru",
  "id" : "110039",
  "idType" : "USER_ID",
  "createdBy" : "Girish Yarru",
  "moduleName" : "Registration: Biometrics",
  "moduleId" : "REG-MOD-105",
  "description" : "Iris: Scan of left iris",
  "uuid" : "18686e7e-3ae7-4532-8d3d-d0e5926e6c81",
  "createdAt" : {
    "month" : "JUNE",
    "year" : 2019,
    "dayOfMonth" : 24,
    "hour" : 11,
    "minute" : 16,
    "monthValue" : 6,
    "nano" : 308000000,
    "second" : 6,
    "dayOfWeek" : "MONDAY",
    "dayOfYear" : 175,
    "chronology" : {
      "id" : "ISO",
      "calendarType" : "iso8601"
    }
  }
}, {
  "eventId" : "REG-EVT-143",
  "eventName" : "REG_BIO_IRIS_SCAN",
  "eventType" : "USER",
  "actionTimeStamp" : {
    "month" : "JUNE",
    "year" : 2019,
    "dayOfMonth" : 24,
    "hour" : 5,
    "minute" : 46,
    "monthValue" : 6,
    "nano" : 372000000,
    "second" : 10,
    "dayOfWeek" : "MONDAY",
    "dayOfYear" : 175,
    "chronology" : {
      "id" : "ISO",
      "calendarType" : "iso8601"
    }
  },
  "hostName" : "a1ml28565",
  "hostIp" : "172.23.30.81",
  "applicationId" : "REG",
  "applicationName" : "REGISTRATION",
  "sessionUserId" : "110039",
  "sessionUserName" : "Girish Yarru",
  "id" : "110039",
  "idType" : "USER_ID",
  "createdBy" : "Girish Yarru",
  "moduleName" : "Registration: Biometrics",
  "moduleId" : "REG-MOD-105",
  "description" : "Iris: Scan of right iris",
  "uuid" : "acd45bec-8489-49bd-b96c-b242aa9b3208",
  "createdAt" : {
    "month" : "JUNE",
    "year" : 2019,
    "dayOfMonth" : 24,
    "hour" : 11,
    "minute" : 16,
    "monthValue" : 6,
    "nano" : 381000000,
    "second" : 10,
    "dayOfWeek" : "MONDAY",
    "dayOfYear" : 175,
    "chronology" : {
      "id" : "ISO",
      "calendarType" : "iso8601"
    }
  }
}, {
  "eventId" : "REG-EVT-049",
  "eventName" : "REG_BIO_IRIS_NEXT",
  "eventType" : "USER",
  "actionTimeStamp" : {
    "month" : "JUNE",
    "year" : 2019,
    "dayOfMonth" : 24,
    "hour" : 5,
    "minute" : 46,
    "monthValue" : 6,
    "nano" : 970000000,
    "second" : 13,
    "dayOfWeek" : "MONDAY",
    "dayOfYear" : 175,
    "chronology" : {
      "id" : "ISO",
      "calendarType" : "iso8601"
    }
  },
  "hostName" : "a1ml28565",
  "hostIp" : "172.23.30.81",
  "applicationId" : "REG",
  "applicationName" : "REGISTRATION",
  "sessionUserId" : "110039",
  "sessionUserName" : "Girish Yarru",
  "id" : "110039",
  "idType" : "USER_ID",
  "createdBy" : "Girish Yarru",
  "moduleName" : "Registration: Biometrics",
  "moduleId" : "REG-MOD-105",
  "description" : "Click of Next after capturing irises",
  "uuid" : "b9cf1e6a-522c-4639-8bb6-d566d7117542",
  "createdAt" : {
    "month" : "JUNE",
    "year" : 2019,
    "dayOfMonth" : 24,
    "hour" : 11,
    "minute" : 16,
    "monthValue" : 6,
    "nano" : 983000000,
    "second" : 13,
    "dayOfWeek" : "MONDAY",
    "dayOfYear" : 175,
    "chronology" : {
      "id" : "ISO",
      "calendarType" : "iso8601"
    }
  }
}, {
  "eventId" : "REG-EVT-051",
  "eventName" : "REG_BIO_FACE_CAPTURE",
  "eventType" : "USER",
  "actionTimeStamp" : {
    "month" : "JUNE",
    "year" : 2019,
    "dayOfMonth" : 24,
    "hour" : 5,
    "minute" : 46,
    "monthValue" : 6,
    "nano" : 112000000,
    "second" : 16,
    "dayOfWeek" : "MONDAY",
    "dayOfYear" : 175,
    "chronology" : {
      "id" : "ISO",
      "calendarType" : "iso8601"
    }
  },
  "hostName" : "a1ml28565",
  "hostIp" : "172.23.30.81",
  "applicationId" : "REG",
  "applicationName" : "REGISTRATION",
  "sessionUserId" : "110039",
  "sessionUserName" : "Girish Yarru",
  "id" : "110039",
  "idType" : "USER_ID",
  "createdBy" : "Girish Yarru",
  "moduleName" : "Registration: Biometrics",
  "moduleId" : "REG-MOD-105",
  "description" : "Photo: Face capture",
  "uuid" : "48886150-15b6-41a8-b1cb-bfea224d2f60",
  "createdAt" : {
    "month" : "JUNE",
    "year" : 2019,
    "dayOfMonth" : 24,
    "hour" : 11,
    "minute" : 16,
    "monthValue" : 6,
    "nano" : 120000000,
    "second" : 16,
    "dayOfWeek" : "MONDAY",
    "dayOfYear" : 175,
    "chronology" : {
      "id" : "ISO",
      "calendarType" : "iso8601"
    }
  }
}, {
  "eventId" : "REG-EVT-052",
  "eventName" : "REG_BIO_FACE_CAPTURE_NEXT",
  "eventType" : "USER",
  "actionTimeStamp" : {
    "month" : "JUNE",
    "year" : 2019,
    "dayOfMonth" : 24,
    "hour" : 5,
    "minute" : 46,
    "monthValue" : 6,
    "nano" : 529000000,
    "second" : 26,
    "dayOfWeek" : "MONDAY",
    "dayOfYear" : 175,
    "chronology" : {
      "id" : "ISO",
      "calendarType" : "iso8601"
    }
  },
  "hostName" : "a1ml28565",
  "hostIp" : "172.23.30.81",
  "applicationId" : "REG",
  "applicationName" : "REGISTRATION",
  "sessionUserId" : "110039",
  "sessionUserName" : "Girish Yarru",
  "id" : "110039",
  "idType" : "USER_ID",
  "createdBy" : "Girish Yarru",
  "moduleName" : "Registration: Biometrics",
  "moduleId" : "REG-MOD-105",
  "description" : "Click of Next after capturing face photo",
  "uuid" : "dcaf901a-9567-43cf-a4c0-45d2887c5b4a",
  "createdAt" : {
    "month" : "JUNE",
    "year" : 2019,
    "dayOfMonth" : 24,
    "hour" : 11,
    "minute" : 16,
    "monthValue" : 6,
    "nano" : 540000000,
    "second" : 26,
    "dayOfWeek" : "MONDAY",
    "dayOfYear" : 175,
    "chronology" : {
      "id" : "ISO",
      "calendarType" : "iso8601"
    }
  }
}, {
  "eventId" : "REG-EVT-139",
  "eventName" : "SAVE_DETAIL_TO_DTO",
  "eventType" : "USER",
  "actionTimeStamp" : {
    "month" : "JUNE",
    "year" : 2019,
    "dayOfMonth" : 24,
    "hour" : 5,
    "minute" : 46,
    "monthValue" : 6,
    "nano" : 484000000,
    "second" : 27,
    "dayOfWeek" : "MONDAY",
    "dayOfYear" : 175,
    "chronology" : {
      "id" : "ISO",
      "calendarType" : "iso8601"
    }
  },
  "hostName" : "a1ml28565",
  "hostIp" : "172.23.30.81",
  "applicationId" : "REG",
  "applicationName" : "REGISTRATION",
  "sessionUserId" : "110039",
  "sessionUserName" : "Girish Yarru",
  "id" : "110039",
  "idType" : "UserID",
  "createdBy" : "Girish Yarru",
  "moduleName" : "Registration initialization",
  "moduleId" : "REG-MOD-140",
  "description" : "Saving the details to DTO",
  "uuid" : "d6360d65-9738-4408-af11-eb893aec669f",
  "createdAt" : {
    "month" : "JUNE",
    "year" : 2019,
    "dayOfMonth" : 24,
    "hour" : 11,
    "minute" : 16,
    "monthValue" : 6,
    "nano" : 489000000,
    "second" : 27,
    "dayOfWeek" : "MONDAY",
    "dayOfYear" : 175,
    "chronology" : {
      "id" : "ISO",
      "calendarType" : "iso8601"
    }
  }
}, {
  "eventId" : "REG-EVT-057",
  "eventName" : "REG_PREVIEW_SUBMIT",
  "eventType" : "USER",
  "actionTimeStamp" : {
    "month" : "JUNE",
    "year" : 2019,
    "dayOfMonth" : 24,
    "hour" : 5,
    "minute" : 46,
    "monthValue" : 6,
    "nano" : 469000000,
    "second" : 32,
    "dayOfWeek" : "MONDAY",
    "dayOfYear" : 175,
    "chronology" : {
      "id" : "ISO",
      "calendarType" : "iso8601"
    }
  },
  "hostName" : "a1ml28565",
  "hostIp" : "172.23.30.81",
  "applicationId" : "REG",
  "applicationName" : "REGISTRATION",
  "sessionUserId" : "110039",
  "sessionUserName" : "Girish Yarru",
  "id" : "110039",
  "idType" : "USER_ID",
  "createdBy" : "Girish Yarru",
  "moduleName" : "Registration: Preview",
  "moduleId" : "REG-MOD-106",
  "description" : "Submit",
  "uuid" : "fcf338e1-ff2a-4a0e-b495-fc59d434abf6",
  "createdAt" : {
    "month" : "JUNE",
    "year" : 2019,
    "dayOfMonth" : 24,
    "hour" : 11,
    "minute" : 16,
    "monthValue" : 6,
    "nano" : 482000000,
    "second" : 32,
    "dayOfWeek" : "MONDAY",
    "dayOfYear" : 175,
    "chronology" : {
      "id" : "ISO",
      "calendarType" : "iso8601"
    }
  }
}, {
  "eventId" : "REG-EVT-114",
  "eventName" : "LOGIN_MODES_FETCH",
  "eventType" : "USER",
  "actionTimeStamp" : {
    "month" : "JUNE",
    "year" : 2019,
    "dayOfMonth" : 24,
    "hour" : 5,
    "minute" : 46,
    "monthValue" : 6,
    "nano" : 499000000,
    "second" : 32,
    "dayOfWeek" : "MONDAY",
    "dayOfYear" : 175,
    "chronology" : {
      "id" : "ISO",
      "calendarType" : "iso8601"
    }
  },
  "hostName" : "a1ml28565",
  "hostIp" : "172.23.30.81",
  "applicationId" : "REG",
  "applicationName" : "REGISTRATION",
  "sessionUserId" : "110039",
  "sessionUserName" : "Girish Yarru",
  "id" : "REGISTRATION",
  "idType" : "APPLICATION_ID",
  "createdBy" : "Girish Yarru",
  "moduleName" : "Login Modes",
  "moduleId" : "REG-MOD-123",
  "description" : "Fetching Login Modes",
  "uuid" : "77200730-5218-4f91-86ab-c9dea6520413",
  "createdAt" : {
    "month" : "JUNE",
    "year" : 2019,
    "dayOfMonth" : 24,
    "hour" : 11,
    "minute" : 16,
    "monthValue" : 6,
    "nano" : 512000000,
    "second" : 32,
    "dayOfWeek" : "MONDAY",
    "dayOfYear" : 175,
    "chronology" : {
      "id" : "ISO",
      "calendarType" : "iso8601"
    }
  }
}, {
  "eventId" : "REG-EVT-114",
  "eventName" : "LOGIN_MODES_FETCH",
  "eventType" : "USER",
  "actionTimeStamp" : {
    "month" : "JUNE",
    "year" : 2019,
    "dayOfMonth" : 24,
    "hour" : 5,
    "minute" : 46,
    "monthValue" : 6,
    "nano" : 536000000,
    "second" : 32,
    "dayOfWeek" : "MONDAY",
    "dayOfYear" : 175,
    "chronology" : {
      "id" : "ISO",
      "calendarType" : "iso8601"
    }
  },
  "hostName" : "a1ml28565",
  "hostIp" : "172.23.30.81",
  "applicationId" : "REG",
  "applicationName" : "REGISTRATION",
  "sessionUserId" : "110039",
  "sessionUserName" : "Girish Yarru",
  "id" : "REGISTRATION",
  "idType" : "APPLICATION_ID",
  "createdBy" : "Girish Yarru",
  "moduleName" : "Login Modes",
  "moduleId" : "REG-MOD-123",
  "description" : "Fetching Login Modes",
  "uuid" : "8f700c46-d57e-414e-9401-b1a08e5032ff",
  "createdAt" : {
    "month" : "JUNE",
    "year" : 2019,
    "dayOfMonth" : 24,
    "hour" : 11,
    "minute" : 16,
    "monthValue" : 6,
    "nano" : 550000000,
    "second" : 32,
    "dayOfWeek" : "MONDAY",
    "dayOfYear" : 175,
    "chronology" : {
      "id" : "ISO",
      "calendarType" : "iso8601"
    }
  }
}, {
  "eventId" : "REG-EVT-114",
  "eventName" : "LOGIN_MODES_FETCH",
  "eventType" : "USER",
  "actionTimeStamp" : {
    "month" : "JUNE",
    "year" : 2019,
    "dayOfMonth" : 24,
    "hour" : 5,
    "minute" : 46,
    "monthValue" : 6,
    "nano" : 560000000,
    "second" : 32,
    "dayOfWeek" : "MONDAY",
    "dayOfYear" : 175,
    "chronology" : {
      "id" : "ISO",
      "calendarType" : "iso8601"
    }
  },
  "hostName" : "a1ml28565",
  "hostIp" : "172.23.30.81",
  "applicationId" : "REG",
  "applicationName" : "REGISTRATION",
  "sessionUserId" : "110039",
  "sessionUserName" : "Girish Yarru",
  "id" : "REGISTRATION",
  "idType" : "APPLICATION_ID",
  "createdBy" : "Girish Yarru",
  "moduleName" : "Login Modes",
  "moduleId" : "REG-MOD-123",
  "description" : "Fetching Login Modes",
  "uuid" : "4a539dd7-83b2-49c0-b6f0-eacc6fb7a009",
  "createdAt" : {
    "month" : "JUNE",
    "year" : 2019,
    "dayOfMonth" : 24,
    "hour" : 11,
    "minute" : 16,
    "monthValue" : 6,
    "nano" : 569000000,
    "second" : 32,
    "dayOfWeek" : "MONDAY",
    "dayOfYear" : 175,
    "chronology" : {
      "id" : "ISO",
      "calendarType" : "iso8601"
    }
  }
}, {
  "eventId" : "REG-EVT-058",
  "eventName" : "REG_OPERATOR_AUTH_PASSWORD",
  "eventType" : "USER",
  "actionTimeStamp" : {
    "month" : "JUNE",
    "year" : 2019,
    "dayOfMonth" : 24,
    "hour" : 5,
    "minute" : 46,
    "monthValue" : 6,
    "nano" : 76000000,
    "second" : 36,
    "dayOfWeek" : "MONDAY",
    "dayOfYear" : 175,
    "chronology" : {
      "id" : "ISO",
      "calendarType" : "iso8601"
    }
  },
  "hostName" : "a1ml28565",
  "hostIp" : "172.23.30.81",
  "applicationId" : "REG",
  "applicationName" : "REGISTRATION",
  "sessionUserId" : "110039",
  "sessionUserName" : "Girish Yarru",
  "id" : "110039",
  "idType" : "USER_ID",
  "createdBy" : "Girish Yarru",
  "moduleName" : "Registration: OS Authentication",
  "moduleId" : "REG-MOD-107",
  "description" : "Operator authentication with password: Click of Submit",
  "uuid" : "12e6acf4-609b-435f-81aa-a65390d6225f",
  "createdAt" : {
    "month" : "JUNE",
    "year" : 2019,
    "dayOfMonth" : 24,
    "hour" : 11,
    "minute" : 16,
    "monthValue" : 6,
    "nano" : 87000000,
    "second" : 36,
    "dayOfWeek" : "MONDAY",
    "dayOfYear" : 175,
    "chronology" : {
      "id" : "ISO",
      "calendarType" : "iso8601"
    }
  }
}, {
  "eventId" : "REG-EVT-117",
  "eventName" : "FETCH_USER_DETAILS",
  "eventType" : "USER",
  "actionTimeStamp" : {
    "month" : "JUNE",
    "year" : 2019,
    "dayOfMonth" : 24,
    "hour" : 5,
    "minute" : 46,
    "monthValue" : 6,
    "nano" : 108000000,
    "second" : 36,
    "dayOfWeek" : "MONDAY",
    "dayOfYear" : 175,
    "chronology" : {
      "id" : "ISO",
      "calendarType" : "iso8601"
    }
  },
  "hostName" : "a1ml28565",
  "hostIp" : "172.23.30.81",
  "applicationId" : "REG",
  "applicationName" : "REGISTRATION",
  "sessionUserId" : "110039",
  "sessionUserName" : "Girish Yarru",
  "id" : "REGISTRATION",
  "idType" : "APPLICATION_ID",
  "createdBy" : "Girish Yarru",
  "moduleName" : "User Detail",
  "moduleId" : "REG-MOD-126",
  "description" : "Fetching User Details",
  "uuid" : "37110855-2f45-4fc7-af0b-1cbb36617ec4",
  "createdAt" : {
    "month" : "JUNE",
    "year" : 2019,
    "dayOfMonth" : 24,
    "hour" : 11,
    "minute" : 16,
    "monthValue" : 6,
    "nano" : 118000000,
    "second" : 36,
    "dayOfWeek" : "MONDAY",
    "dayOfYear" : 175,
    "chronology" : {
      "id" : "ISO",
      "calendarType" : "iso8601"
    }
  }
}, {
  "eventId" : "REG-EVT-117",
  "eventName" : "FETCH_USER_DETAILS",
  "eventType" : "USER",
  "actionTimeStamp" : {
    "month" : "JUNE",
    "year" : 2019,
    "dayOfMonth" : 24,
    "hour" : 5,
    "minute" : 46,
    "monthValue" : 6,
    "nano" : 304000000,
    "second" : 36,
    "dayOfWeek" : "MONDAY",
    "dayOfYear" : 175,
    "chronology" : {
      "id" : "ISO",
      "calendarType" : "iso8601"
    }
  },
  "hostName" : "a1ml28565",
  "hostIp" : "172.23.30.81",
  "applicationId" : "REG",
  "applicationName" : "REGISTRATION",
  "sessionUserId" : "110039",
  "sessionUserName" : "Girish Yarru",
  "id" : "REGISTRATION",
  "idType" : "APPLICATION_ID",
  "createdBy" : "Girish Yarru",
  "moduleName" : "User Detail",
  "moduleId" : "REG-MOD-126",
  "description" : "Fetching User Details",
  "uuid" : "309fa89d-51d8-452a-8632-ee27ba9047c3",
  "createdAt" : {
    "month" : "JUNE",
    "year" : 2019,
    "dayOfMonth" : 24,
    "hour" : 11,
    "minute" : 16,
    "monthValue" : 6,
    "nano" : 311000000,
    "second" : 36,
    "dayOfWeek" : "MONDAY",
    "dayOfYear" : 175,
    "chronology" : {
      "id" : "ISO",
      "calendarType" : "iso8601"
    }
  }
}, {
  "eventId" : "REG-EVT-109",
  "eventName" : "PACKET_HMAC_FILE_CREATED",
  "eventType" : "USER",
  "actionTimeStamp" : {
    "month" : "JUNE",
    "year" : 2019,
    "dayOfMonth" : 24,
    "hour" : 5,
    "minute" : 46,
    "monthValue" : 6,
    "nano" : 960000000,
    "second" : 36,
    "dayOfWeek" : "MONDAY",
    "dayOfYear" : 175,
    "chronology" : {
      "id" : "ISO",
      "calendarType" : "iso8601"
    }
  },
  "hostName" : "a1ml28565",
  "hostIp" : "172.23.30.81",
  "applicationId" : "REG",
  "applicationName" : "REGISTRATION",
  "sessionUserId" : "110039",
  "sessionUserName" : "Girish Yarru",
  "id" : "10006100360000120190624054341",
  "idType" : "REGISTRATION_ID",
  "createdBy" : "Girish Yarru",
  "moduleName" : "Packet Creator",
  "moduleId" : "REG-MOD-119",
  "description" : "Packet HMAC File created successfully",
  "uuid" : "5afa6429-8f40-4d31-8a4a-06ffd60b3cf9",
  "createdAt" : {
    "month" : "JUNE",
    "year" : 2019,
    "dayOfMonth" : 24,
    "hour" : 11,
    "minute" : 16,
    "monthValue" : 6,
    "nano" : 969000000,
    "second" : 36,
    "dayOfWeek" : "MONDAY",
    "dayOfYear" : 175,
    "chronology" : {
      "id" : "ISO",
      "calendarType" : "iso8601"
    }
  }
}, {
  "eventId" : "REG-EVT-108",
  "eventName" : "PACKET_DEMO_JSON_CREATED",
  "eventType" : "USER",
  "actionTimeStamp" : {
    "month" : "JUNE",
    "year" : 2019,
    "dayOfMonth" : 24,
    "hour" : 5,
    "minute" : 46,
    "monthValue" : 6,
    "nano" : 988000000,
    "second" : 36,
    "dayOfWeek" : "MONDAY",
    "dayOfYear" : 175,
    "chronology" : {
      "id" : "ISO",
      "calendarType" : "iso8601"
    }
  },
  "hostName" : "a1ml28565",
  "hostIp" : "172.23.30.81",
  "applicationId" : "REG",
  "applicationName" : "REGISTRATION",
  "sessionUserId" : "110039",
  "sessionUserName" : "Girish Yarru",
  "id" : "10006100360000120190624054341",
  "idType" : "REGISTRATION_ID",
  "createdBy" : "Girish Yarru",
  "moduleName" : "Packet Creator",
  "moduleId" : "REG-MOD-119",
  "description" : "Packet Demographic JSON created successfully",
  "uuid" : "3c0f7768-0841-4337-9ed2-18f944ebfbc3",
  "createdAt" : {
    "month" : "JUNE",
    "year" : 2019,
    "dayOfMonth" : 24,
    "hour" : 11,
    "minute" : 16,
    "monthValue" : 6,
    "nano" : 995000000,
    "second" : 36,
    "dayOfWeek" : "MONDAY",
    "dayOfYear" : 175,
    "chronology" : {
      "id" : "ISO",
      "calendarType" : "iso8601"
    }
  }
} ]